Sample,1mem_Bt_12pt5hr-1,1mem_Bt_12pt5hr-2,1mem_Bt_12pt5hr-3,1mem_Bt_12pt5hr-4,1mem_Bt_25hr-1,1mem_Bt_25hr-2,1mem_Bt_25hr-3,1mem_Bt_25hr-4,1mem_Bt_30hr-1,1mem_Bt_30hr-2,1mem_Bt_30hr-3,1mem_Bt_30hr-4,1mem_Bt_35hr-1,1mem_Bt_35hr-2,1mem_Bt_35hr-3,1mem_Bt_35hr-4,1mem_Bt_40hr-1,1mem_Bt_40hr-2,1mem_Bt_40hr-3,1mem_Bt_40hr-4,1mem_Bt_45hr-1,1mem_Bt_45hr-2,1mem_Bt_45hr-3,1mem_Cv_12pt5hr-1,1mem_Cv_12pt5hr-2,1mem_Cv_12pt5hr-3,1mem_Cv_12pt5hr-4,1mem_Cv_25hr-1,1mem_Cv_25hr-2,1mem_Cv_25hr-3,1mem_Cv_25hr-4,1mem_Cv_30hr-1,1mem_Cv_30hr-2,1mem_Cv_30hr-3,1mem_Cv_30hr-4,1mem_Cv_35hr-1,1mem_Cv_35hr-2,1mem_Cv_35hr-3,1mem_Cv_35hr-4,1mem_Cv_40hr-1,1mem_Cv_40hr-2,1mem_Cv_40hr-3,1mem_Cv_40hr-4,1mem_Cv_45hr-1,1mem_Cv_45hr-2,1mem_Cv_45hr-3,1mem_Cv_45hr-4,1mem_Ps_12pt5hr-1,1mem_Ps_12pt5hr-2,1mem_Ps_12pt5hr-3,1mem_Ps_12pt5hr-4,1mem_Ps_25hr-1,1mem_Ps_25hr-2,1mem_Ps_25hr-3,1mem_Ps_25hr-4,1mem_Ps_30hr-1,1mem_Ps_30hr-2,1mem_Ps_30hr-3,1mem_Ps_30hr-4,1mem_Ps_35hr-1,1mem_Ps_35hr-2,1mem_Ps_35hr-3,1mem_Ps_35hr-4,1mem_Ps_40hr-1,1mem_Ps_40hr-2,1mem_Ps_40hr-3,1mem_Ps_40hr-4,1mem_Ps_45hr-1,1mem_Ps_45hr-2,1mem_Ps_45hr-3,1mem_Ps_45hr-4
Phenotype,Bt_1,Bt_1,Bt_1,Bt_1,Bt_2,Bt_2,Bt_2,Bt_2,Bt_3,Bt_3,Bt_3,Bt_3,Bt_4,Bt_4,Bt_4,Bt_4,Bt_5,Bt_5,Bt_5,Bt_5,Bt_6,Bt_6,Bt_6,Cv_1,Cv_1,Cv_1,Cv_1,Cv_2,Cv_2,Cv_2,Cv_2,Cv_3,Cv_3,Cv_3,Cv_3,Cv_4,Cv_4,Cv_4,Cv_4,Cv_5,Cv_5,Cv_5,Cv_5,Cv_6,Cv_6,Cv_6,Cv_6,Ps_1,Ps_1,Ps_1,Ps_1,Ps_2,Ps_2,Ps_2,Ps_2,Ps_3,Ps_3,Ps_3,Ps_3,Ps_4,Ps_4,Ps_4,Ps_4,Ps_5,Ps_5,Ps_5,Ps_5,Ps_6,Ps_6,Ps_6,Ps_6
CYTOSINE,917267.0697,2471202.569,2456284.303,2694912.337,1232860.998,5596388.41,5060499.987,2991025.445,1529917.559,4150710.438,4623182.542,5202552.637,1135983.375,3390465.016,7866282.375,2698373.731,2865680.475,5889493.316,8099193.044,5470902.057,2454578.471,4822715.176,7346229.658,84737832.21,502114293.3,422058946.4,258427190.9,704828443,1686144160,2060208262,1480053712,1521317034,1946421177,1954861850,2817714688,1919586578,2297512052,1839175885,1003945683,1477252530,2558217040,1838983590,2705035219,1326814843,3092490447,2341110076,2844002906,29898468,136232657.3,59387747.18,21085652.55,91133387.91,209710812.9,366125951.2,336619995.1,185284241.8,366544698.2,452585560.2,223195103.9,258123811.3,326914933.7,705397847,171296697.5,298360379.5,231345201.9,662136464,284538407.2,233675494.5,512173903.5,802375126.3,340250161.5
NAcetylornithine,9486735.642,15599425.84,14919544.45,17215578.45,22407126.63,63229497.45,45510895.16,17745320.23,27840893.91,31955891.36,62330178.64,23154476.62,16271059.86,23107891.1,54275095.27,15054831.8,24808777.35,77368454.42,92306242.69,34706354.51,21148203.98,28366057.69,58927206.97,22697876.11,75124566.61,47317695.98,21649540.21,46720449.69,116610401.2,107677568.5,72554001.67,66135283.28,99488120.77,146298236.9,70226449.62,80033591.58,124898823.7,135131619.6,41099925.48,95537871.17,119682744.3,146518950.9,122496221.8,66255655.74,118639710.9,153155390.3,66604543.24,9794213.023,16248489.77,15869577.53,7508931.414,16167028.43,16127742.81,16602460.28,19903386.36,24444505.17,41976169.8,16097482.59,16798898.65,17576169.48,19823956.91,20614957.7,10287253.56,16260154.73,36501910.83,45974487.56,154818.0581,14431254.41,35586094.03,26811053.35,15419103.31
5'-METHYLTHIOADENOSINE,36265113.55,23262317.69,55413964.4,48075054.87,40055318.98,38704358.94,64530928.73,70346802.38,42773083.01,33638145.79,679194.4714,1146375.932,459293.1678,89696793.91,123222064.6,45815084.22,85487668.9,127225095.5,142618779,122783636.2,41610642.43,109942033.8,151157744.6,17277230.19,41375860.8,47708065.35,30882256.6,43913711.49,143959495,158251066,101566294.1,92556150.34,145681751.5,181382127.2,206348998.5,125442596.7,178845212.1,186428800.7,52727145.56,109208956.5,207975607,273058931.9,215066810.1,90338738.29,270645031.7,234249678.3,176400097.9,20118415.29,47736139.51,30105786.07,20335577.44,10280584.17,32649846.9,27380378.71,34316585.32,545254.7069,44983120.59,38501642.24,13589712.07,445844.6358,25483490.3,26768286.81,5329479.204,2753315.229,17137440.07,9408199.418,803629.6021,2227188.673,4211869.499,7097380.108,1136920.111
NAcetylglutamine,149495.8166,2719331.143,2770893.565,262768.9158,1689045.747,7114751.581,4514536.383,2778110.013,1740588.597,6736820.333,7256104.237,1478364.258,2088559.066,5529413.185,8659634.711,3900600.313,4226397.347,12387221.55,529834.6726,7018191.738,4976519.438,12166078.4,713157.0848,5410322.283,29966757.27,23689811.09,13152706.44,34650121.71,149971224.2,150816835.3,102781534.8,18632572.64,161027114.8,68207892.17,180215.648,57121.15504,270116959.4,101741.5422,131784.8561,31319324.83,310748535.4,71083407,354190.3422,28657294.46,407331696.3,188717998.9,57870971.72,655545.0772,177160.287,5804876.862,5640772.696,56649563.67,106677098.5,27533584.74,193439.9963,92802624.96,160087280.7,113689128.6,56394738.5,37356154.81,175639496.4,201584874.2,43834265.09,52450298.39,194522533.2,160239026,61670406.17,57769767.44,394254419.1,304228048.7,62911764.89
L-beta-Homophenylalanine ,3334195.205,1948351.813,4798267.451,1093190.073,3403964.942,3191687.262,4543336.881,4122463.41,3799159.857,2942366.389,4775567.393,5447908.518,2719349.63,3481548.49,6180487.14,2743731.889,6120315.815,3531619.309,7415448.211,6281913.836,3631980.978,3001709.484,6636335.943,4103084.427,8269514.677,8481205.944,6166244.298,17825134.98,77470608.4,46915305.71,26270983.19,28681471.78,88837639.38,63661134.48,127060439.4,34063653.73,127118960.4,98044249.64,32514312.57,26808415.98,152165791.3,89719865.95,162624823.9,17343089.07,137446113.1,121087853.1,112220751.1,1830446.035,3185135.657,3633714.083,2778271.263,3234459.423,921278.8114,2513748.984,1245153.07,4016147.327,1100948.31,3579752.019,2646083.726,4559548.514,969664.9115,3251868.156,2235500.46,5051034.782,1246624.807,2916927.39,2067927.958,5306486.357,2379974.871,3078522.861,2932968.819
4-GUANIDINOBUTANOATE,5888654.831,17975311.05,7771327.256,9512345.475,6755282.843,35549300.8,12811603.28,7114259.282,7936447.522,28779695.58,11524838.91,9216277.92,5941151.977,22985617.12,18176059.35,4910960.082,11686162.59,28820462.92,24334396.81,10420159.57,8027917.324,16071271.16,20107417.64,6315224.039,24507885.25,16315771.08,11388540.93,11336910.16,38192591.85,31167896.43,19338232.96,24375862.21,34300700.4,30659531.52,49089387.9,25204054.83,41777241.35,25174660.79,9586577.449,18660083.84,42964415.26,79709319.06,49036163.71,16317141.34,67110574.66,34549041.91,45197973.14,5345508.02,11836850.89,10688729.56,9097384.964,17643790.07,38442237.54,46987097.97,41050471.89,34551954.65,86816946.66,108583451,29953917.57,39069399.29,74617551.28,128820168.9,21398953.74,56672938.35,85637247.51,154742178.9,23538558.32,39128425.55,116162292.1,184762390.3,29469810.05
HYPOXANTHINE,1367195.446,2344015.308,2172628.832,3281047.857,1319333.785,2182258.449,2670949.507,2267012.067,1397314.044,2171718.492,1941644.158,3594758.765,1648790.411,1604922.52,2322202.046,2101141.72,1975449.046,2182339.297,2499430.132,2946974.856,2666964.79,1673284.952,3315639.918,1952378.278,15187242.21,8687309.553,5103143.02,28444847.57,58707542.61,60755979.78,30240571.41,59934297.03,68714591.14,59497575.87,211038622,134615688.6,106539953.7,46935120.67,57196458.56,183765036.5,269415068,517160732.4,465712824.5,186954619.3,251904241.1,289539206.8,339765459.4,17817072.17,56386101.21,66437707.34,31644976.9,165472716.5,298212102.8,238384264.5,399572955.5,304193930.6,335199305.9,358362143.4,237791422.8,244441359.8,463424885.6,192921909.1,224039711.6,313868918.3,307342821.3,407941065.2,214996018.1,116733459.6,223172040.8,236113237.1,236970339.8
3-METHYLADENINE,15626798.76,44794584.11,27951977.9,37064563.62,31752718.75,97909468.86,63593675.48,60021512.68,39297190.64,86283584.77,70647878.08,70170436.3,21858222.66,98189251.07,114265736.5,34577094.22,68039481.82,188665385,158210365.7,133101763.2,33006474.82,121798609.1,147259018.1,3092787.22,14775677.72,9081997.277,6136339.799,8864741.461,22401284.03,20335424.15,10522746.82,16483482.61,17008617.57,16328022.76,23095084.83,20356384.64,20691542.99,13448842.53,4238413.784,17392914.44,21587539.14,22486065.33,21386099.33,14751848.59,30943802.71,16810549.92,16360393.21,3273835.549,11743027.28,7332150.661,3876548.036,9765582.183,11626287.67,11116624.49,22291507.28,21463113.59,32336265.25,17337585.32,20236380.77,16094649.26,14714920.16,16478156.79,19569173.83,21555171.72,27980810.03,19629407.16,15777226.45,17710733.64,28442488.39,24019289.78,27530806.38
Nicotinamide riboside cation,32860.17756,1210660.941,748570.679,1027020.992,1108125.808,4935907.247,2683525.884,337750.5743,531655.8662,3701664.664,2925500.902,2110042.857,837948.7649,3520399.847,5406770.504,935548.1752,2673008.34,7180093.565,8009647.366,753300.1461,1376573.795,3815900.499,6205099.454,1459872.38,14754409.22,10676825.36,3157987.539,12679168.16,81527212.19,116998581.9,18980084.25,48999963.09,94037807.13,96633882.12,212566498.8,60691949.01,131339980.8,80089740.63,11035076.01,30198081.92,148078170.7,86520108.71,7791924.911,18167146.5,281028884.3,98266695.31,56568781.71,1191820.83,6480091.041,5186038.581,254446.3442,48884331.91,93158514.07,99619643.92,232022822.3,144743495.5,346283447.3,305491988.2,87839353.03,129328515.4,189481051.9,318248197.9,63870651.29,175935587.8,92889253.78,306431853,51629954.13,114872851.9,358286681.4,457099879.2,84509374.89
PIPECOLATE,212132.637,5109900.147,4166728.007,7612282.347,5780312.865,12136725.67,9716217.574,8149077.532,6366169.068,10661471.23,14673328.24,5549864.243,3296080.37,9410802.187,34248002.39,6244151.067,18360377.28,26972856.71,969467.2111,22896498.6,8727380.613,16893342.39,44697911.11,387626.603,6442088.279,5682024.752,2657531.225,3741770.151,11082812.3,20247277.4,10536335.52,3127532.508,9028138.045,5328416.387,28384548.21,3442419.991,17208589.21,3413642.852,1495612.67,2695676.769,16409710.61,2214548.75,22609633.22,1831039.775,17238745.2,6823117.865,4185471.074,367595.2916,1760446.949,97789.56085,942589.7081,2081478.272,12244254.57,5128228.611,25606429.4,3565015.955,39936104.25,33809470.27,17154242.82,3316626.312,31010917.55,30718981.89,9623625.614,1820126.662,2395342.656,8567527.582,20151365.87,6498718.828,58573117.1,30106421.28,10577874.85
nicotinamide ,1094097.669,883597.2918,801935.7412,353289.5495,1422244.017,1412021.062,1386031.088,3683443.009,1501068.425,1322268.402,1548543.944,781598.3502,1371472.893,1279485.479,970263.7231,2291821.98,3281812.489,1220547.749,1435630.171,693057.9155,1100316.421,937847.8754,1491252.76,5588488.232,2530532.111,2228850.058,2278745.185,8551933.921,14267544.18,8814207.64,6071799.028,17973830.06,16927089.97,13565201.45,12863203.2,12036990.47,21470446.07,16205998.2,29818052.37,18863887.69,25157368.23,17908107.68,11420093.05,27418358.91,40093667.16,18563984.55,29217226.46,1372183.827,1975026.49,1810995.4,4435631.476,28711468.85,7720378.87,24252981.07,7124966.166,24442258.75,12888368.29,39800787.76,43576397.02,35942375.53,14110197.49,44126628.77,44904400.82,14931685.48,38599697.05,65352412.58,55602384.71,28755150.25,56220715.23,20140033.85,44571584.57
ADENINE,56832307.03,176213371.6,104786925.9,125836192.8,121268340.8,416397581.4,212060237.4,203953970.4,147889058.5,422659813.5,272766301.3,287575268.5,79903948.18,480396814.4,402487406.3,121469225.7,328254761.2,866259789.5,473826409.5,363736693,155564358.6,427467102.3,476252769.4,1557020.99,5817218.935,4262767.014,4043521.478,12010573.02,40466555.67,37250821.28,31381529.13,61557868.42,66281805.86,58985582.38,241613149.4,117624445.3,165647135.3,120526193.4,53205452.08,109206515.3,234181556.6,936119703.2,449223549.3,96362011.19,452039682.1,274822620.4,527106345.1,18655049.73,65917790.17,43257945.65,28267171.5,44608650.73,75965592.45,51067574.74,61829335.33,81282444.13,170154753.2,111360356,109290414.2,66229247.16,114352855.6,101740029.9,74404402.55,94177412.74,184513620.8,74536718.67,52603123.22,66681421.25,129142503.8,105244931.6,98894625.79
4-Hydroxyproline ,1258313.03,7452847.258,5592555.122,7720146.024,2042976.866,13673021.26,7502166.839,506789.9573,3135517.709,9074715.745,9813858.336,2376957.794,1700554.902,7449575.139,20252740.13,2800751.738,3251357.507,15142079.37,28565367.66,4629147.86,2994196.924,7999163.68,21284140.32,57823.59307,5295926.551,4027996.391,97573.89133,3141106.144,20027370.9,26941801.25,12862348.59,2073992.826,22137656.9,20925163.12,83337844.02,3524499.555,30151089.96,22493460.5,2110177.065,3055337.79,28458737.41,18537915.88,74712473.45,2845614.784,55593331.39,30628955,10822196.74,1343741.012,16604919.58,5745061.771,384911.7051,15750565.16,53608463.02,43389349.11,152623749.3,40059902.56,107609485,166937504.8,36153994.5,23378225.38,85559803.66,202880415.8,19089134.61,43682784.53,87706204.58,204968789.3,59919806.6,26158570.4,276417307,318718657.3,37427211.32
N6-(DELTA2-ISOPENTENYL)-ADENINE,663922.3342,637944.7037,701676.334,998561.0813,384168.3729,994886.8271,883271.5394,1168173.29,1204847.763,1130495.003,936439.3617,3478052.096,856764.4882,1398112.242,1608226.119,1387989.429,2526156.855,1375843.389,1986520.764,4591284.435,1313591.801,1349721.772,7710732.068,640913.0282,1766455.163,1639977.933,1270617.534,1181212.875,6442841.32,6468890.347,3221465.069,2369957.57,7889513.872,7249695.66,11819712.01,3991871.722,11130639.24,8646502.978,2497430.006,4126255.525,13596989.31,13541714.26,16195896.03,3613227.145,19045229.78,14549721.21,14258256.07,315016.6402,895182.7946,1024918.361,566827.4192,1609316.231,2845199.944,2929673.223,5074584.649,3696329.104,6409219.332,6937378.434,4573826.972,2864322.453,5613641.039,8441382.478,4763863.951,4396195.691,7659569.243,9003335.32,4792758.711,4982102.823,9707415.399,12886883.64,7828838.69
Acetyl coenzyme A,317372.823,154590.512,457599.093,352508.5314,164735.8136,727944.9184,593411.3625,476003.1552,182376.4978,544046.0112,708785.3619,356753.8752,177423.3884,938040.9679,854810.8905,453570.354,241097.0623,1349626.628,1071408.686,811749.0909,209127.339,1041472.714,1269704.825,401120.4727,1305405.983,1163801.235,586164.2563,1189035.798,1707701.834,5946756.382,2142309.271,1662293.022,8087578.952,6154293.367,8575461.29,2540698.971,9099291.135,6686944.331,1637221.559,2158172.069,9231283.365,7349619.283,7852066.604,1521852.885,9766943.411,6865800.864,3697868.761,161904.3877,791473.7379,1193951.292,523375.0303,520536.9705,621557.6228,2376915.717,1887903.596,1005702.533,1676388.893,3550809.895,1058320.453,591254.5011,1370007.495,4155087.105,1188309.069,726222.0596,1860907.656,3663442.865,1014238.78,934353.9004,2132298.758,5592654.834,1239645.366
NAcetylphenylalanine,4311241.912,3996841.075,4649689.952,4245854.841,3290132.46,1996495.851,3287264.469,2915453.722,976480.8921,1908215.335,3384940.358,3082454.814,2188374.186,1918619.279,3617443.241,2738028.797,4575873.528,2558119.269,2657481.286,5123766.053,1148707.928,2254344.516,4648145.408,2708729.085,2279044.212,10651525.78,2329770.848,4760284.77,2721683.759,14438362.57,5496695.739,10604271.6,2273556.019,14703840.45,7689983.834,9771889.52,3299488.73,12140687.67,2919344.622,7151262.777,3852029.035,12729595.23,8864563.503,9209227.006,3505124.434,28610135.49,12137086.36,4745068.622,3858255.789,8940702.445,2991214.096,6455086.363,6511256.687,3348035.866,3596705.149,5044523.535,931044.8217,6457875.323,6932750.361,7885934.765,8702215.125,5345746.184,5602044.485,6913573.752,1315890.794,4776642.014,9605672.001,12881180.46,17189389.91,3997189.632,16800373.41
N.epsilon.-Acetyl-L-lysine,333880.2879,1234317.157,1923999.242,3383158.131,1336585.107,6565827.713,6241901.941,1737320.766,1694975.313,3596848.433,10358440.44,2380249.04,1567458.602,2846285.758,10415332.33,2312056.673,2955847.288,8897469.239,28026249.93,7134237.263,2987926.434,5206936.994,11532300.96,201749.8802,3387891.336,3214539.402,1448480.36,2887514.074,9288218.966,15320803.45,9020821.276,3489215.547,8998925.327,32644953.06,22495627.9,5792308.97,11415482.24,27560478.49,4241714.298,6008237.636,11728861.47,26732425.02,24654620,5272350.347,57889833.34,34256942.63,10444080.36,402702.5252,3807261.945,6688921.176,1237371.198,5656512.017,13297767.65,25827786.56,30894602.58,13070370.59,38121327.78,35799627.06,20360036.6,9299633.029,22920461.8,33414536.63,13003950.51,14659777.72,27889871.06,87675216,14271084.61,10326006.15,52143054.07,52501378.79,22585112.79
Indican,103602.7052,2831251.415,836795.6366,594058.2626,1388800.38,9093906.672,2921095.271,889066.6983,899075.1002,8834158.664,4125123.22,1930433.891,646329.7873,10807324.34,20702391.32,1344170.603,4131468.708,16475215.86,3853621.025,2484174.659,3844791.963,4198472.779,11583800.4,28143.45135,1793091.94,4294891.191,325164.8812,377857.9244,6005135.191,8788753.67,1909730.354,1740866.723,5615697.279,3505218.239,3789851.78,411988.4388,3253410.761,1270344.338,181971.7906,362114.2313,2221463.823,3086679.454,6346884.23,295639.8067,9099436.615,207553.8065,365514.5246,100808.3366,486558.2333,578294.8412,52440.58345,1438820.349,252298.3942,424260.856,1046002.242,948007.7372,1445315.858,1556024.165,457121.3649,2819511.953,485197.071,2115839.668,422079.5334,9382940.241,1789146.781,2023034.109,268967.7251,984652.6285,3229857.133,4213006.297,584517.0964
trans-Zeatin,39181.80379,117201.2829,27047.20565,120210.7842,380663.6562,40661.34791,149752.3632,151766.4806,87458.59806,129584.5185,218991.5934,345211.0999,171063.53,120630.2737,309173.6313,572215.3554,394204.847,766477.3422,594196.3078,463036.5253,738705.6906,267695.4707,1106197.434,500634.5259,1369681.419,1205690.621,832120.6155,933003.0387,3556875.694,3509215.96,1990656.542,1712570.418,3619797.233,3723914.794,4749210.535,2393355.622,4817717.086,3258756.719,966031.7224,2218697.311,5491148.637,4220700.034,4453067.128,559205.1678,7588515.47,4344813.14,3387454.741,17526.00697,58720.77484,305824.6327,152581.7042,991464.8725,1497198.403,1539073.169,2208664.768,2401909.347,3885428.442,3532705.435,1919607.355,1900817.315,3272271.595,4326497.503,1917479.495,2621486.99,3526207.842,4190376.851,1844115.026,2620218.185,5190332.72,5790379.901,2849104.58
DETHIOBIOTIN,305248.6739,294301.4091,916233.3691,924244.7811,561698.0985,544187.9968,715632.9556,601580.1207,225960.6947,445685.4899,789197.9597,696393.8355,71784.36884,759963.9409,857053.2483,265373.2783,115033.4823,806831.5239,1142225.476,539034.2636,113190.7014,531289.9032,246921.3836,1085093.867,2656548.029,3616179.608,2600737.373,2069818.051,11665151.46,22111212.06,16154548.34,5277917.38,14485961.91,27658438.26,45093840.8,7251379.989,25828082.53,22576504.95,7622957.138,7525879.917,29896607.58,43676726.77,53841439.56,7691526.282,30157594.12,47637183.11,28112118.73,11301903.6,33382368.37,44512699.49,32858083.54,46620989.62,85548505.41,79267661.91,196000352,97438611.5,117546092.2,146994702.1,104994469.3,75122571.81,113298041.6,137162493.4,99096213.65,101289263.6,105146622.8,143992392.1,106319121.6,94311704.98,127930448.4,166736173.1,113080996.1
NAcetyllysine,460520.1867,2162515.118,1193416.909,1822277.807,1684566.203,2654897.306,5970262.591,529647.8556,651386.5293,2810223.121,2429535.525,2412877.261,5107460.271,1309740.228,2432593.101,2385973.126,2955847.288,9074721.291,3125097.213,4741894.251,2871111.562,1852944.87,11532300.96,1709306.75,1862702.467,3277795.528,1632140.275,7831179.7,1234114.266,19388415.41,15328667.77,16144551.63,2412840.796,2270959.865,55386488.72,20885951.92,1533574.367,32359797.14,8190783.369,751965.4178,1324329.678,38391817.13,1131272.781,500486.2845,5992951.76,31951844.9,13797339.83,2169821.63,1396172.755,2372969.562,1522812.831,2442591.714,18529879.15,25945925.98,31283981.3,29873794.87,3605212.169,3274177.464,20360036.6,9299633.029,22226114.63,33568619.24,13083888.18,10282163.04,32344435.2,88194251.09,17140982.86,11081941,39629752.76,72338099.63,23026443.78
3-Indolepropionic acid ,200858.7517,1269518.635,497916.8312,578458.1748,344937.1385,4632425.913,914778.977,436673.8916,504884.1933,5089504.825,1097259.299,627762.0368,249976.498,5931183.785,5905903.259,320105.3229,1183830.624,10906770.75,6701692.166,1321505.306,2234717.42,4701992.386,4992508.796,20699.3188,1478681.337,340229.3473,156248.5144,304488.1676,2306538.647,2020870.421,725909.2032,2003251.942,3204568.728,2102858.954,1745809.828,1403504.318,2416796.841,2024850.157,341429.8245,612016.3196,3242911.833,2364028.481,3304583.117,760620.939,9255540.034,2223971.78,1675304.672,50479.73797,165910.6304,218168.935,3353.569181,497923.2018,554254.5385,528658.4464,138811.9458,518886.2225,1489314.299,1690646.636,325409.903,2859605.088,1464923.979,1170753.901,253306.3935,1367485.975,548384.906,1249126.869,358495.6054,1843933.904,1417307.817,2721858.565,176389.0469
THYMINE,456372.5148,1157989.815,1607854.651,973860.3664,549097.7261,902884.1102,1534578.147,1038771.724,622409.0627,879940.7676,1669284.385,1333513.956,508063.6046,1031511.951,1200502.859,504955.5745,2308446.942,1437118.492,3147442.021,1693833.582,1107209.207,1986517.463,1626924.824,377913.4698,2099648.664,751225.8503,279519.5112,1711499.971,915652.3104,531568.9895,389372.1152,451683.5458,520306.44,4727763.795,802191.0948,619821.1249,3540765.046,5171001.552,1645937.245,3284157.378,4627175.031,1833900.342,753884.1951,731838.0819,851665.9383,955837.2564,1144685.4,12035984.36,23027367.9,25462488.52,9748688.548,24224856.49,29207928.64,64713977.05,37998005.77,32262772.6,38872297.11,46058715.6,30773555.1,28005996.79,56971283.72,38112737.33,31858930.78,30603744.7,32750808.67,88279571.95,20690468.47,26868598.93,61574896.67,73435342.33,30666554
HOMOSERINE/L-THREONINE,296770.3111,940962.4533,734032.7898,531529.9249,1018194.444,4990570.591,1162069.55,281800.3544,1416113.193,608122.1635,2343291.551,236072.383,773404.4192,601301.7393,1880650.937,464994.8343,592136.5841,3648175.914,3347886.319,541543.4547,264335.6689,666426.1488,1215294.624,1965300.327,3219818.977,2050577.012,89377.61031,15600236.15,4152355.717,1939330.079,10178860.87,2591093.107,34520.10043,22757316.7,5166270.399,36121675.6,23025243.14,23604177.1,12483153.48,42702770.8,19486078.69,19950289.03,2742654.594,24318654.29,3593194.76,20598432.29,41121482.32,156969.7026,1063620.277,660251.5128,121730.1791,3627871.657,4417209.852,3303874.491,7785006.8,4605328.127,15751582.4,1445570.566,7627048.7,4938912.186,6095815.288,2507638.03,1611156.869,4840819.755,7413571.78,7701172.046,499300.2207,1415105.086,7267361.06,1750002.268,2328514.055
NORLEUCINE,4263341.686,2243933.532,3615936.479,6727398.558,4231811.734,1999264.095,1653961.451,10549163.83,9292202.264,1682286.745,2540389.177,15834398.26,3351213.916,2141399.124,17399516.78,2603775.477,14676002.28,2271402.993,2615565.216,17819706.85,3925475.387,2708230.128,6394696.759,299517.5159,1861927.884,4949722.16,3518283.596,2167773.134,1998430.396,2275306.342,5049655.345,3891184.456,1579710.726,3377638.172,8764602.023,10416405.95,3779303.268,4462592.18,1462342.519,6115155.856,4715519.101,4758353.815,10727738.2,5358745.95,7906245.824,4583656.051,15740748.08,1050691.514,4207037.441,3275467.448,2045345.864,5221264.101,4124146.251,3694185.298,6488166.988,4342824.571,12988516.58,20062520.87,8759719.231,4376232.284,6822297.479,14105146.78,5710217.57,5220129.962,8920879.947,3861802.068,14111317.35,8442630.624,7525302.768,9700857.968,23037986.74
4-IMIDAZOLEACETIC ACID,531819.9227,2573116.158,931381.9036,1814192.624,754082.1673,4921923.598,2748772.163,963761.448,1435385.525,3630957.708,2908123.495,2003363.291,788717.7436,2680507.632,4734576.464,1048912.812,2661591.555,7580037.824,6968072.969,3354719.564,1621679.725,2195919.679,6267277.995,64683.91377,1376517.781,1113217.062,811784.4067,753797.3416,4218253.605,5416149.168,2455580.491,2098015.168,3219618.138,4563341.233,6847812.56,3869441.362,4257921.371,4085200.508,1198994.919,2736529.847,4506254.665,2915773.965,5922520.053,2236981.528,10399462.62,5251057.722,4395072.57,437319.7624,1375996.875,964806.0623,625408.5789,1685737.126,1468504.207,1599149.869,2935210.811,3919521.189,5271441.27,2607456.09,1989218,4074820.372,2451767.875,3340069.127,1015925.113,6244256.72,6850951.72,6498808.873,1082092.037,1670534.144,9074521.842,4414343.011,2028052.061
PYRIDOXINE,532962.8871,1183976.157,939318.6306,1283155.076,4802899.997,18022244.22,15032965.87,10554697.85,7852591.447,19209784.1,20208288.16,19959232.13,5639812.855,24849345.02,43747263.96,9310143.739,22986444.06,53975605.72,66101776.03,49385609.74,13672459.31,39462009.17,61931925.21,190195.1493,981019.6558,224115.6634,446915.432,1248194.995,4791062.435,3948401.605,3080026.83,4199038.785,5456169.653,5666549.091,1378838.447,6892088.348,10473047.84,5455173.379,2453984.908,5850609.835,15509135.45,13261330.3,12047186.6,5555373.691,25549213.46,15295938.19,13305720.17,5299157.439,27805596.3,24853372.37,10736578.2,92085468.14,111949351.7,124249560.1,216115723.7,231876388.6,246240047.3,252836949.5,176793762.1,172511380.8,205082067.7,320150670.1,168371740.1,243217073.7,241426262.8,367852783.4,169736385.7,206595006.5,407312807.3,554900269.4,276881375.8
Ile-Lys,119982.6326,610814.2803,554646.3143,385379.5477,406576.811,2363578.624,1256767.39,433286.0184,570396.1256,1369673.586,1891864.923,594734.2038,292614.3925,1122061.327,1454117.218,426934.8732,460300.9319,3286068.339,2679826.304,920143.7106,388681.3394,1091658.593,1337784.253,174829.381,1047685.103,512572.1501,176572.6089,368090.649,2219707.8,1604004.671,1169585.605,538003.2353,1649247.369,3129486.373,2601278.436,819518.1651,2562584.852,2807054.79,526230.3031,1208902.898,1952469.378,4811789.512,2439264.17,1077315.566,10668866.51,3343850.923,1683476.018,2045.780048,57947.81756,24168.92293,2491.850582,12392.18948,34001.52802,72777.05723,34379.44682,15394.90684,44758.36139,27073.78435,16840.90212,8519.927963,67957.72905,40516.80921,11595.99585,17700.34553,352384.1386,93265.61724,17519.66393,216182.7494,1091447.259,71054.78756,20922.65523
Acetylcitrulline ,9311.33217,52965.4337,29830.73049,93009.95804,148987.6285,128522.2248,600436.157,36582.72032,366619.6228,217363.7104,1417222.109,146347.3043,118788.0381,296651.9143,1770296.861,264514.3354,175364.9138,1177243.898,3046789.569,444441.6932,242685.5434,469770.202,1878518.981,10078.35115,570037.6707,144850.1279,150788.8585,286841.8872,2955397.327,2217120.705,1418776.145,547803.1087,2360084.069,2596422.653,3176292.897,732038.3701,3022041.676,2093072.45,541737.3703,631298.0519,2943887.048,2393975.269,5267225.129,594614.7049,4861313.582,3795659.085,2045235.383,0,31587.18601,16082.84526,4619.099244,83227.35935,88823.94773,44992.06316,43320.07197,84929.5034,158163.5798,76872.72513,38451.03005,61254.48436,164251.3949,38677.05651,17019.13249,66650.50885,287432.1079,737533.694,156938.5451,685264.8039,156105.9873,163688.6032,105373.5959
D-PANTOTHENIC ACID,826878.0474,652547.2392,1050246.612,659966.5653,426519.6389,1072792.432,6056100.895,1828715.406,1163601.66,1346523.921,6882815.459,3351054.063,1960240.572,1399005.546,10819610.38,2286943.236,2028012.927,1226749.371,19166836.97,3868782.954,1701632.552,8547889.845,17863913.59,7477.349928,986584.7468,748996.8623,33132.31731,82520.51407,1899345.261,431235.5591,94622.76065,514908.1936,2007068.772,914948.0124,112136.0027,770966.0064,638036.8056,583669.214,119972.925,303135.6264,885233.1481,459278.6344,575810.5778,70490.60341,7030281.826,474081.1954,394143.011,231157.3485,16757927.18,21070844.94,683691.6027,2443583.671,3097195.125,1775536.622,3641550.035,4702079.719,32604217.53,29858199.97,5288875.721,26184590,12507858.79,109929490.9,377176.0574,41658557.32,74881329.45,21420305.22,4905414.544,46012099.92,129681538.4,6951723.009,11097765.76
2`-O-Methylguanosine ,755489.2303,931425.0364,2032511.313,2673534.47,1221374.223,2137835.716,3676470.681,3429400.159,1593828.823,2093920.649,4290597.065,7965195.857,943115.266,2567897.533,4747953.15,1916722.998,6827149.505,4864419.373,9900537.205,9262387.88,2115864.74,4596331.238,7263086.725,131994.2051,416620.3718,499754.3283,543062.7844,634609.2626,1382443.349,2596519.407,1858598.347,1965361.022,1749579.792,2931339.925,5537391.46,2667029.696,2701166.631,2977551.84,959876.9187,1726888.669,3026716.2,5203652.043,5449872.707,1588405.162,3997550.226,5473084.723,4574170.163,495804.3566,1459938.573,1651821.421,637512.2173,1142424.188,2217537.627,2778579.993,5543551.203,2307514.097,2942234.753,3914214.57,2937139.12,2445457.142,3089439.236,3906279.241,2183757.067,3136040.522,3632522.729,5890999.992,2398928.747,2656828.57,3617973.628,4548837.722,2907473.528
2'-deoxyadenosine ,1356212.71,464943.7271,483504.9007,669082.8374,1277338.157,480016.7873,1063940.162,977928.7724,1216896.846,440806.2646,795034.1178,1255071.5,599382.7476,445715.4505,846499.0407,498734.8691,2137578.596,1122159.866,1710825.233,1929795.811,992921.1548,409425.6512,1339273.056,584409.6167,765473.9332,1696392.941,1549185.702,2392590.199,1045283.174,3261137.647,1904157.414,5160984.001,1008718.414,2017752.686,1659492.154,3720301.442,2137573.102,953999.5345,1028067.102,1679639.068,1237118.136,8536981.975,850842.017,8719958.679,17099186.83,1437852.211,2603847.183,905147.3775,5071390.659,4191386.973,913569.1019,7769656.861,5541389.644,7134870.729,15167955.57,12199778.91,11358845.64,8434073.389,692327.064,7191351.096,6101282.726,5135955.277,7665722.062,1554232.543,4631569.404,5694270.694,527846.9344,4958039.111,6056378.377,2095051.034,827831.9345
L-Ornithine ,48452.32321,58407.11447,184144.1719,100355.9993,28936.88979,96424.2313,247183.2941,80590.51724,21241.72648,70592.31754,48398.46057,100371.7941,27142.25905,70348.31551,110825.1135,73064.52194,43424.01293,174367.7095,152139.1335,68732.61453,37467.09667,113494.3213,154749.0125,39407.94771,253447.2326,204339.4092,59218.37239,353489.9057,1818264.833,1999732.475,1105482.579,1046710.633,2372846.588,2245049.952,2733652.075,1202444.174,2904010.239,2269696.766,562706.3833,1093222.578,3756677.979,2865373.87,2789736.327,906411.4845,5240276.336,2562670.257,1935055.046,42418.67058,28066.58917,151125.5687,14531.48556,44792.63119,103224.7771,76270.46838,93431.06994,90955.15336,187429.6509,162521.9608,10699.63814,88212.5244,138809.9946,201233.8957,21152.57794,114125.4772,195638.4173,256830.4083,107186.3815,65897.98818,295601.7836,337583.1303,113167.8407
L-TRYPTOPHAN,32032.81555,199097.149,82768.06572,110012.9001,293813.4354,317801.3411,200932.0089,336084.4251,252416.8309,327070.8388,304594.0482,474768.417,130828.2155,320278.2215,1310860.998,232022.9207,343017.3328,497018.2111,602780.2969,677180.7195,411744.3324,326754.396,1319129.66,2635.932996,152541.5795,408447.2819,115587.4885,169770.9107,524243.6873,613060.0701,550506.4485,552075.4115,481631.5554,571938.1884,448136.6278,992396.6418,582679.5855,378829.5285,328683.1487,842476.6302,815692.062,519483.1068,594014.9965,1075787.543,989358.1764,362638.7896,1341151.682,70228.03006,554748.416,730258.9457,210839.1019,716506.8454,630279.0989,583603.1316,542146.5649,1044433.289,1262192.592,2435961.166,938654.0767,1264144.459,1098359.778,4184326.854,1165256.461,2426708.785,1998043.462,1054506.512,1527107.53,1140256.435,3586321.198,2807898.012,2687684.764
5-METHYLCYTOSINE ,358443.3109,1169964.475,896054.886,753111.8841,874081.4183,2000330.462,1271815.107,1038824.363,947810.28,1791774.44,1440229.021,1097061.949,577011.0317,227465.8436,2096946.228,630435.1221,1196424.35,3666261.566,2973558.389,1847127.132,842367.3833,2512030.879,2747052.601,55302.39341,384362.4584,176737.5759,62009.27071,230620.483,1116787.249,1009902.902,491868.8492,886492.1682,1039458.525,1160979.087,1378405.697,858582.0591,1653556.442,1059663.427,304624.4408,105669.3315,1836597.672,1888951.993,1791916.498,752459.73,1460607.215,2056733.786,391345.606,391930.9772,1164344.034,956117.4494,405625.9728,1936278.525,1695459.162,1990807.116,3262673.564,4202376.107,4779770.502,3283550.631,1872501.437,3482735.825,2840900.299,3503109.753,2106489.145,4111108.921,4599395.045,4520985.187,1970900.403,20276042.45,6019240.533,5902960.881,2615545.202
Tyr-Ile,425840.1078,514214.4211,1051398.254,756902.5202,1088304.608,2095653.576,2941521.143,1907186.645,1581387.129,3621633.824,4458163.408,4409742.421,1051602.941,5099916.982,4559389.211,2168046.662,4212096.112,7668928.776,6419087.344,4720322.647,3239712.078,6228906.127,7776145.431,64794.80371,280397.5722,292999.0371,121842.4877,150095.7968,643195.0958,853579.7016,576593.989,398341.4884,851466.4973,972161.8264,806676.6155,610124.9254,1223255.963,1489921.379,297131.3286,535435.1532,1308949.092,1978362.022,2366753.065,731232.7337,2896574.105,2971166.512,1275601.541,349394.6461,1075012.98,1255823.386,623800.6046,1152838.657,5115332.234,5013871.432,8535797.52,2551352.519,6877866.511,13677393.12,4293977.841,2960542.772,7067840.952,16173557.26,2624319.655,2585517.095,5578648.26,11976061.64,4793719.897,2445438.816,7222298.548,16196333.72,3685500.262
4-PYRIDOXATE,30252595.85,67830882.76,45872014.17,51798041.11,73572740.71,94404261.21,77524844.83,84906130.65,86557766.66,583537.4072,86803228.69,103462457.8,644620.8449,101091538,124091049.4,58475040.69,223467583.4,130354485.3,109567423,176637762.6,75574262.4,100603380,125637072,4740.519765,174350.1249,152801.6482,46698.85815,688773.8898,2764317.994,1816054.756,527436.6892,6038120.862,4793105.715,3137461.074,4978221.209,11915442.84,10160865.87,4775407.395,1856303.572,15945376.09,16955146.95,19320633.34,11265978.98,14605009.34,35739711.53,14265547.42,14426584.75,2884.380565,61734.46291,7547.939219,60951.48175,13144.91636,15898.44689,4233.005093,30952.64424,71652.54524,63491.14163,38982.59279,16782.30386,108463.3466,43294.26296,49166.47187,46204.9255,84858.46424,64529.84219,16121.10094,85509.67887,382058.0756,50693.31321,21414.98537,121335.3854
GUANINE,2037337.976,3142654.804,6276739.899,7725505.754,3840348.509,7507970.354,12261387.87,6809563.783,4310814.125,6158354.962,9999929.518,11029404.72,2993382.016,5543139.051,12585145,3569594.483,5793744.14,5737559.457,24404089.31,10421906.58,4838816.553,7784538.246,15944262.75,90896.72785,335364.0115,471070.6674,255129.3233,302437.5595,405140.911,3300327.507,580997.5045,1163290.455,764232.5728,819262.8509,5056876.249,6281868.48,2549992.367,2353897.386,2346149.013,12463958.29,5096343.246,27977462.48,28881839.71,20983054.4,12075120.68,12035180.39,38143914.6,954283.8512,1843910.314,2424064.031,984614.8607,1803204.801,2479217.232,3856295.611,8343681.087,3378324.988,3817966.077,4679224.927,3215687.322,2083096.153,4190089.144,4763231.011,2606633.683,3952680.08,5592344.149,5507926.557,4250593.405,2938273.191,4615346.782,4535543.889,2666810.849
L-HOMOCYSTEINE THIOLACTONE,11101.36437,400139.5662,16334.46199,168077.0886,9137.315901,389626.1793,79347.41873,11647.82068,12267.14659,36619.8737,42135.2867,26630.85402,5135.332165,25544.17087,228859.9095,23495.69511,24097.64974,665000.784,340616.5904,354157.6047,6969.074741,394190.1847,24589.10402,2376.462463,260465.2684,70622.09152,4503.448584,2525.65588,141891.3908,157421.6362,0,0,56418.49036,32995.31359,333904.181,0,68152.02877,7751.795134,0,0,9541.362216,4984.396421,218701.4893,0,109035.249,57886.4368,0,39994.49238,1080187.732,489327.8956,229724.2137,308840.8417,1116941.178,713555.1567,1593098.307,403139.1834,3184583.532,995455.3288,1768832.792,374017.4917,2391132.061,1565387.78,1628666.692,596560.6869,3940521.689,2133703.996,1781532.436,250160.9196,3895625.023,1250350.106,1244712.997
3-oxo-C8-homoserine lactone ,1201951.741,700769.906,648530.7656,661549.5833,2861585.552,800320.9071,7950284.986,3542442.312,4758471.63,1798091.874,12698514.53,9943775.392,2722103.528,2711356.81,6388066.208,2450975.833,4030023.421,2517510.254,31069625.79,4470953.535,2390970.74,2917485.487,29507217.53,167339.013,185526.0068,1571646.685,3548292.462,1458192.597,542521.2463,1544992.19,2636208.975,2490149.797,393082.3635,2387343.075,4867525.301,2772679.356,1243389.093,1433526.375,2221481.672,3045099.079,881932.5818,2765624.196,6059047.196,1180878.257,462528.7431,1564488.056,5526679.565,116811.7961,221222.0118,317252.9062,3663245.374,2091864.978,89829.80794,1405772.038,2297996.151,2485768.479,141917.4937,434059.8766,74538.29248,2370559.129,288715.0083,1573539.693,1969187.235,2653691.184,122740.2684,695614.0105,1327693.675,955219.3585,318425.2725,562202.3017,1912596.472
Phe-TrpNIST14,10833.40243,51462.37743,246628.9005,193353.3812,22105.14302,239302.6241,405632.7695,131896.7101,62391.43387,366311.1403,715842.0714,157297.2033,31923.28901,466155.2443,852784.6971,140101.5876,349586.9868,762471.1721,1016075.389,70922.55118,150434.3731,959390.5949,1412002.706,20712.12708,145706.3131,292762.6909,70119.63256,81059.34258,1516209.599,2604306.953,897092.8389,61263.11666,2230282.271,3024720.203,4884477.797,331330.4778,3186748.9,4364761.371,417958.8774,366861.3872,4126403.415,7745551.017,6372386.89,503618.8799,3429011.283,8287924.115,1506535.015,12530.79381,567150.958,429525.1588,56614.66934,176118.7653,1672883.04,831828.6363,2386931.75,403391.4024,1904376.981,3276663.658,778190.0747,415148.3114,2134124.066,4432499.003,543108.1748,531764.0886,1652885.399,3751357.067,830331.2288,486955.0051,2190203.245,3464579.34,503836.2344
Pro-Trp,57000.6101,135292.5752,180748.8668,207491.5765,20002.05373,410983.5319,255255.5471,15748.96869,53511.50375,533321.7624,424953.3652,199046.8186,18183.06549,617864.4653,987290.9968,115335.5674,23222.40138,647408.1566,819566.6447,54855.73809,26678.66,486278.098,1210567.825,12018.24879,83598.53349,675879.8718,133669.1698,110799.4017,5154720.609,9565448.253,1826307.965,49051.48386,7328649.089,5840294.158,7572406.026,103149.0769,8477406.839,9480595.037,684334.5991,456725.9506,13384982.55,8940734.948,10648552.67,972182.6771,24310656.4,107231.2726,2067002.314,8001.902291,488690.0925,229923.0094,17723.01293,188037.0564,593608.0821,699500.8659,1094933.541,409841.5003,585817.0893,2556644.251,184365.4899,106424.6258,1884838.243,3530895.085,65595.73346,137182.1081,2708092.24,1928568.983,595274.2753,107566.0556,218221.7334,3221863.758,41479.4504
Arg-Gly,559091.8206,617455.1668,397339.1782,244568.9503,2693068.87,3432968.053,2008241.853,660694.1241,3778112.542,1604349.585,2055670.181,2052894.832,2787528.507,2151751.206,5632936.021,714007.9974,7486465.762,4762291.197,11006005.45,4075567.897,3445046.584,4327908.035,5967919.327,422349.1694,175687.8168,438241.9754,41288.3011,185272.3289,91933.84233,43957.41158,139382.8288,482152.6209,187962.9582,81506.23409,168465.0316,481978.0829,124433.8707,325417.6396,103606.9661,85169.76678,321093.9633,411127.112,448424.8854,135660.1778,223220.7202,342906.1874,115925.3594,366350.064,312869.5935,381793.4644,204056.9541,778725.4149,214674.0857,523654.5735,684628.6012,741854.6795,609143.004,381332.9643,250025.3501,1132224.421,491929.7831,681264.0872,458216.907,1248842.567,448808.0538,552949.781,126039.4587,1189346.518,896795.9109,1053223.27,594467.7368
PE 34:2 ,0,10018.46142,0,0,0,0,0,3773.491478,0,0,0,0,0,0,0,0,0,4681.928365,8609.636692,0,0,4716.503557,0,18886.4425,135477.4462,209889.1126,131628.8601,411950.6033,2188386.909,1654855.617,2274211.975,1501944.247,3388712.917,3173732.088,8725125.183,3362085.601,272805.2693,5272264.179,1853454.508,4380532.955,527388.5316,55440405.17,15900121.14,4666145.596,11423385.44,7896460.813,11902510.82,24489.73446,212717.6741,160096.2337,62861.02513,850302.5278,3170057.171,2457631.116,3677694.525,2865723.788,8204210.034,8867919.522,6754347.067,2926418.793,9772336.32,13004014.93,6631778.859,5064283.231,144403599.7,15454845.82,9284298.374,6781735.642,18822935.6,17237048.08,11954389.15
Ile-Trp,194394.7818,293809.6129,795155.343,676113.3751,233386.8425,560991.3368,1103202.814,752847.8143,243714.7108,928683.5527,1569186.76,1891462.793,168094.4542,1105289.171,1739859.669,861476.9445,753351.7859,2522062.64,2720070.155,2077636.365,515035.3023,2417087.799,3303560.894,19579.09605,166250.2916,290857.2531,42781.64513,18865.92055,1437560.446,2442342.005,1195369.029,244743.8926,2154763.008,2536434.602,3439098.812,511784.0478,3021791.176,3630813.948,564611.8787,535086.8055,4084616.758,4801753.122,5670620.774,744775.7824,7359915.482,8884041.789,2930990.395,285817.9587,115719.419,1633646.765,218707.8498,338406.8094,7491618.791,698268.5101,10468357.32,257509.0528,888585.1338,1612806.329,3731471.8,281444.857,981841.5004,2408514.78,262591.1277,381186.0522,858700.6177,2082034.103,754827.8101,449100.6351,1223855.897,2270004.319,545926.1698
D-Desthiobiotin,885950.9489,344726.1166,623360.7387,1196921.926,1373198.168,319460.8579,1384705.737,2511886.866,753564.5508,206398.3099,616830.9358,3360769.774,631972.1557,266419.8981,1127240.232,1472470.336,525333.3402,104941.3854,2340167.579,3078389.489,477246.3793,175821.3406,1293301.874,39249.2485,219229.877,3586131.889,2123337.551,2492056.98,11882113.61,22350344.4,5966227.852,1984036.604,14979848.06,27682054.58,3498462.685,7070418.136,26541548.32,23253133.08,5136442.803,5380384.472,30860091.18,42045300.53,2706117.125,883428.0063,4547498.387,31776326.23,25114884.66,13648871.24,33715640.65,44805464.21,3472762.094,30515327.23,85311484.69,79186571.98,2941114.261,67560424.98,117537411.1,149471543.4,92411049.51,63923430.22,113925363.2,137162493.4,10616516.33,94087470.75,501472.5099,142822799.1,65293176.12,92654422.7,128160972.7,164552787.3,83690888.21
Arg-Ala,2228479.305,7275275.92,5147455.441,6477030.838,8841301.494,30965488.79,19628414.68,2766628.16,13629094.63,28788249.06,26321756.4,855056.4224,7866185.735,30526129.81,52380697.56,8468876.134,10382836.03,71709880.05,108070486.7,26021856.08,20567490.17,55496058.19,70092728.5,6444.171501,271976.3033,230313.021,9317.182485,286571.934,976432.8932,996234.393,490976.0936,1339751.765,1392100.284,1308027.1,2767789.928,2677787.688,3237640.663,2193978.557,489280.2547,3082016.763,3979610.863,2048616.41,4710700.199,3833004.865,8383420.666,3806114.136,1452090.155,209668.4731,1230244.834,951350.8531,14282.05772,2443814.001,4154500.688,4566601.036,4924928.204,5560457.215,10698869.57,8549583.325,1798158.222,5667295.488,8644077.539,9344001.062,714095.0183,7766035.535,13884935.07,18201487.25,4219122.556,8357823.417,18948800.03,17792145.48,485077.4315
Val-ValNIST14,220980.7993,94094.71344,119397.8419,25197.64048,80778.6304,405821.2699,1734820.337,678849.1594,39340.47921,53528.74889,35722.41444,2705853.989,226736.6066,48249.2097,88555.28211,963245.1316,331375.5784,84659.15306,612519.5286,3997259.57,107190.0626,46773.23471,340573.3673,12345.18744,259612.862,278386.373,30098.42552,84701.6063,754774.3278,2088087.683,1015728.104,98083.57541,1084761.169,2490513.148,2617057.687,142652.0799,1676385.636,3111303.971,461497.5161,158810.3955,2832798.789,4256567.606,3378226.414,181039.9709,4536671.929,4978094.983,1278212.637,185295.2441,44728.07647,37537.51684,658373.9429,196273.1603,352213.5842,1104090.195,924384.8787,261516.504,33085.23459,131866.3294,2061190.923,579763.3166,1184343.811,4415373.223,2253895.779,1007403.376,1521921.759,51431.91589,11456111.1,686630.2094,3653528.083,2100110.612,9042610.246
Ile-Pro-IleNIST14,45823.38796,86827.93739,283464.5369,261731.1736,29042.31698,282001.4161,430545.3553,54918.8101,34574.6112,27773.58022,505071.5967,120562.5972,42553.42657,417682.3277,315935.765,48446.91826,95303.73468,583122.7091,1097394.465,159674.6259,60271.32785,596355.4698,483075.9941,23422.27412,339047.3863,64314.5932,143786.3072,148252.4599,164078.4629,2407233.651,1054274.161,169690.4024,538891.0374,464384.3885,215762.6996,232447.3229,5647898.977,939706.3621,588236.431,254083.3796,7664854.169,8188565.505,3159660.158,143330.7769,2539540.801,510411.5766,725569.2819,108564.5032,99484.13471,46360.0869,41757.9347,20935.89187,641383.1732,103362.7664,214100.0736,56801.45663,904222.9636,991812.1429,55306.52264,57585.40678,878077.1532,1236981.195,67534.62603,53017.26207,297130.9547,329700.2288,542409.0364,193278.1247,557951.43,956434.5475,743526.9364
Octopine ,73970.99935,581156.8078,487954.3205,554456.0798,844236.7596,3645891.402,2723991.525,835228.719,907187.6429,3202748.984,3825436.672,935717.6002,529159.9407,2910765.029,5076847.245,903960.601,1069685.157,6972529.898,7461588.846,1594852.177,903695.1675,3324401.705,5438075.5,1848.084515,98207.82796,75042.63568,3370.92541,44507.71726,23434.49719,68049.99308,174851.367,6359.065492,109566.5288,18247.61818,76108.17825,15195.73318,61158.66457,11009.99911,86840.62556,230037.7337,80179.19138,41088.45027,1036943.864,22201.26928,523148.7458,91999.35875,1174504.193,2990.032448,79228.44439,159560.6775,7733.17951,44715.85332,138827.5197,91327.31393,136945.8477,56242.45267,343317.4256,112748.8447,14760.63654,6733.815571,172303.1589,109749.7052,13976.60598,13473.80604,204326.1303,265129.3362,18607.33584,26929.19783,180059.165,165345.9284,17756.26973
O-Succinyl-L-homoserine,152429.8575,16450.85478,7574.256684,10840.79102,287921.4297,216553.9062,98352.54368,13748.60818,144182.0935,21469.04555,224832.5684,9950.946663,124173.7992,21044.25027,218736.8236,6547.491621,4682.975463,66772.49454,215812.4555,51194.37992,30279.0183,190102.086,103479.6112,48361.83264,102757.1364,164265.4963,3074.504362,597715.381,659925.2248,921947.3921,452883.1933,626262.9056,350796.5094,3144845.642,2386946.882,958259.2943,2402750.056,2265720.261,249438.0717,1116054.581,2291407.63,3470592.28,3009268.237,616989.7126,8458448.182,3387062.878,1141345.893,59743.16021,8059.72885,7228.606287,2646.766069,38825.52541,22703.4788,17391.32317,10218.03439,239801.0206,17762.10825,37459.88902,173984.2795,30683.76355,109105.39,13940.09846,39529.5554,115155.7839,45612.37985,77858.45078,158691.6431,119521.8484,64763.98259,281150.3638,45368.21615
Phe-Ile,518670.7623,1108909.868,357628.4973,1258260.589,371975.7768,3457392.645,2497018.826,1454284.599,912896.7485,5846126.994,4374157.927,2681205.373,304532.6273,7144912.026,7462638.906,2244403.961,6146514.924,11759363.58,11032782.32,4614162.348,1622706.922,8911379.644,12301366.31,5462.484263,113162.2757,61607.39423,7213.959634,17715.37348,728482.248,837194.6876,441553.1148,293485.1417,1208115.104,1083232.266,2226196.576,694750.9173,194976.1108,2572913.738,387497.089,1072082.982,5144370.447,3659556.262,6992227.274,1433655.252,15261628.04,515847.6282,2964987.115,123232.2547,313816.8761,461640.1523,150511.1122,290913.5685,1833155.79,1334161.969,2257709.737,719750.061,1406274.971,3658314.595,1192533.185,617798.1364,2570684.491,4997114.486,297268.526,716428.2467,4398144.393,3442638.246,515155.2189,761279.7215,3405241.979,4723443.606,1131207.061
2'-O-Methyladenosine,19167151.79,389958.9756,5441432.06,6058125.809,29107838.46,453391.0483,21007691.62,46079192.99,1598484.333,14589021.51,1229061.542,59802044.18,20793175.13,8929901.793,14403680.43,40014850.95,55501343.31,8453788.449,1464205.182,91242593.84,14572644.44,20973517.11,17724491.28,4451.426637,84174.44166,45323.01073,28185.04009,20984.84247,217709.47,23999.08482,34500.51398,25610.77013,204512.45,216994.148,213984.7213,102552.4081,210589.8591,210155.869,44010.1986,31855.93002,121330.5079,1030955.677,156046.274,40437.6978,306181.6788,279510.7683,142527.4277,118852.535,365306.5379,132815.0868,146381.1494,597918.7446,774817.7334,674329.2582,971753.2464,1172844.299,1943497.979,1188077.246,1711759.689,849897.3445,1421535.926,846164.9855,1103956.906,1620118.167,1441362.358,1620826.582,830699.0641,1452974.525,2175648.357,106282.2939,1205000.343
Leu-Phe,1008912.521,2371664.218,4689182.949,4331696.127,1875127.977,7528496.082,8050127.64,3499081.48,2190988.324,12572249.41,12565394.77,10719146.98,1024673.5,16610340.74,15073982.68,3865930.988,2390653.683,22760990.91,26554205.25,9257631.453,1220354.99,23640561.1,29055098.51,5462.484263,62479.63243,147702.9237,58284.82701,80731.84441,443765.4899,599614.2221,103999.2642,231885.8649,918388.1437,888291.4391,1553585.271,505324.0914,1763019.146,1977968.569,235401.0764,572131.3511,2705306.709,2313706.906,3657887.857,879612.8544,3057234.742,4883013.577,2238028.857,91712.33043,325354.5247,272582.0498,202425.5602,353400.2417,1408823.753,1581313.556,2491571.484,833218.8875,2061156.188,3922773.865,1288336.018,1011610.31,2917259.102,6065701.089,715573.7823,1369809.501,3507887.051,6946751.437,4125066.793,1786857.673,4816303.17,8070578.732,2339663.542
NAcetylarginine,3498312.143,29702.41731,5098965.28,6824410.664,1970004.611,20140936.22,10281232.82,6586598.71,3852515.655,14976946.52,13925651.81,8858625.765,3758633.219,12030349.24,16047335.66,2104889.953,6611874.464,36303.494,20234238.23,9357617.157,4517206.081,11140914.77,16398977.66,3740823.181,44996.84739,8005507.323,6109443.743,2034429.118,32319860.23,18720750.39,12598446.31,5496346.283,24109055.43,21566536.95,30747978.06,13292649.39,558667.3561,16585017.36,4925404.262,6718893.204,23253487.86,50636180.9,23780745.2,8177074.087,56987.16212,18947452.4,14566754.05,4610503.193,33824338.59,26558988.44,10574627.24,19002699.12,20530460.22,34818585.89,49102724.75,39575397.6,47737297.19,73241128.67,34051502.04,41692984.99,41969563.85,82194234.04,28941130.67,67050235.15,63960873.26,125849391.7,32874125.82,54863868.38,104937199.2,114047924.2,49942949.56
2'-DEOXYGUANOSINE,4996.665446,12055.67804,36285.19233,19296.40971,6024.957423,9019.321204,82119.70186,4516.907227,3950.735897,5550.775554,44702.0712,24809.31427,3323.942694,15315.84721,50543.02053,3815.980837,11499.31997,7404.083862,186045.7652,71160.21133,11326.80476,131107.863,100554.2627,27244.92226,20947.25689,212015.5949,75677.24543,46215.80117,43966.98618,68493.47743,107146.981,93994.60246,38170.06312,457737.3792,368617.4141,357992.3073,57254.98127,437768.5803,82920.67564,473446.0209,94550.27667,435230.3867,233031.4643,777754.4771,170823.5946,500524.2723,419768.459,52783.07576,90427.14612,134995.7681,112209.7874,36687.49971,63713.09526,341451.5307,917060.6554,406090.6834,266665.384,304891.6521,616061.3143,363392.5362,246545.0271,599648.1627,488208.2477,539533.0961,118539.9447,507548.8124,463719.1827,278330.9896,268499.621,944871.2035,700639.4181
THYMIDINE,60108.4374,12118.05804,32169.98486,115959.1268,75423.72868,62841.77783,61065.70155,311618.008,75475.17867,58113.92751,89807.62221,481528.5755,81619.88376,41480.22279,48995.68484,67871.66558,879380.2856,88059.14074,193213.5272,511844.32,163671.1508,46370.18509,47241.3059,249638.9718,84949.29317,57883.34428,71873.63744,126037.7831,86740.34995,30901.52882,544238.7166,262670.8177,200669.0303,304530.5251,47934.65404,256068.6685,169401.8752,167785.9177,171071.9281,175304.084,56115.18409,195085.7945,256320.9726,77336.49929,203677.9935,157836.5107,424244.1056,1477723.934,1740725.294,1745259.017,2718365.109,3665369.02,1954287.093,5480796.914,6708204.606,4700705.419,3234246.949,5136083.165,10668174.94,8306457.57,3970553.603,4140304.678,9220996.254,8701963.133,2506980.716,7252672.717,3950190.917,8158173.671,4746788.296,8464043.553,10480803.95
PE 32:1 ,0,7552.581762,2312.624083,2400.955462,0,0,0,0,0,2354.323124,1949.639377,0,0,0,5503.880031,0,0,5600.61266,4377.639406,8738.134464,0,3996.71081,0,188746.7265,28708.42673,1038476.79,701408.587,2387812.48,11608815.05,8690313.008,13245453.64,8283484.408,20568079.76,18874169.03,56207632.92,21123306.22,44483972.39,35883619.8,13251572.24,26027062.22,61505053.04,280205124.7,118808917.7,28531022.11,84625895.86,61354020.04,98756910.98,53001.83086,864053.424,614827.3177,248089.8931,2388610.178,9704396.662,6643001.001,22830760.95,7450943.988,20011046.66,26575078.15,19945925.7,7976854.039,24139755.94,36781995.21,20470090.25,12956912.97,288272750.9,39330953.79,25861264.9,16978807.39,54326111.02,49884079.72,35490103.97
Arg-Leu,4421911.527,10034296.66,7726977.128,5561469.574,5875893.441,19673932.91,10008303.4,10752626.76,8016189.212,25174817.13,12953635.65,17411959.04,3085461.312,28911423.16,20301820.38,2684681.71,5145443.373,33927411.53,20167921.96,22158245.14,6518698.768,22572601.6,27811032.02,17856.78741,106667.3448,17060.76217,4981.359269,5848.040817,31726.62003,69626.72363,42350.90088,0,15019.19587,644403.8568,231667.9507,4114.237599,85114.85049,659673.1697,15395.37101,175043.2054,35234.63684,234053.2829,22646.38497,7458.23014,132881.4791,0,161418.91,14500.80004,62447.01292,13648.58594,10825.21659,128873.1886,5628.354531,3794.03695,10176.99889,49545.97569,0,0,16569.87404,4740.162862,0,2795.27283,9955.766153,2753.928792,8382.476377,5409.690953,3421.063681,3906.863034,4825.346855,16024.93207,5113.768049
Pantothenic acid ,1314162.442,6701999.485,3253198.504,5376144.505,2657949.849,12907470.67,9454654.947,5078999.631,4004909.626,13446951.83,12001908.66,9420804.958,2574876.149,15522648.38,33432176.51,4879629.71,12782080.99,37613967.41,51391965.21,36968761.21,9238715.861,28956253.15,61770924.09,1599.562243,9599.267483,16966.3659,8323.632445,9636.260754,977.1235054,21790.70411,6756.724707,3247.216258,6471.614231,7162.266055,0,4893.117426,8453.152382,0,4631.93844,7655.73739,5639.871077,5940.211568,1437.729384,14014.36495,4219.386741,3906.799479,5096.764694,0,2204.498232,4524.426072,10241.63497,5672.380334,7321.823134,1799.912471,1830.59487,1711.204932,13051.04534,7971.071642,3417.740068,3385.235835,1168.743253,2631.29391,20208.48592,5245.708966,5725.369758,0,8956.722402,9746.034147,1711.504114,13337.19713,8027.98467
LEUCINE,4209442.191,3882337.79,3572042.232,6576544.636,4067672.37,6676419.647,6651003.658,10379293.82,4520790.474,7577521.718,8315530.286,15600319.99,2902642.848,7825612.59,16672610.65,10616675.21,13647378.85,11251708.82,14674557.35,17575675.11,6639260.455,7489906.024,20569089.32,299517.5159,519188.0523,5022046.817,1363738.92,2167773.134,1998430.396,2275306.342,5931278.973,6335992.128,2428521.007,2495773.659,8611046,10132945.97,3763189.116,2938728.759,3839189.288,5816366.099,4673442.697,4447130.068,10567161.1,5304222.779,7660009.128,3935389.243,15740748.08,637543.9743,4207037.441,3275467.448,2045345.864,5221264.101,1699320.546,3694185.298,4381331.125,4342824.571,3693747.992,8215888.593,8558356.89,4096706.301,4407002.768,7689401.787,4729295.764,5491415.037,6100980.721,2939059.774,13882047.38,8118595.988,4188913.811,6901876.477,22783665.5
Val-TrpNIST14,924473.5979,1521397.772,2114955.111,2783134.565,5466383.999,5012189.437,4632985.139,12105738.63,7774847.791,9634990.005,7590724.026,17329582.05,4630202.604,30615286.7,32701821.24,3879736.213,29101669.09,61224341.07,10820929.4,62261949.68,8761912.705,54691168.5,32415241.78,81809.13353,76841.1204,761902.3673,102497.5294,47932.88175,396184.3556,877707.6778,600531.6629,355989.7161,298100.1866,997972.5359,849139.4421,341119.9151,166764.9949,332427.7482,110245.3509,632968.9317,862831.3346,1445004.79,1145164.254,703054.2884,1730591.068,886104.3477,297290.6483,93725.57809,168324.2162,106024.9384,52241.57444,86972.57073,138408.771,124031.2476,118962.1203,146222.0187,101389.5516,308071.4718,63669.08839,193852.2944,56022.7938,258475.5647,83452.90936,198691.136,528620.7812,116591.343,26066.99198,168772.1114,317705.9647,133956.9401,65684.62091
N-Methylphenylalanine ,17947.89727,1130458.317,871125.5877,810994.8513,496241.3858,2243579.41,606419.1137,26012.39754,596914.0723,2368923.656,873059.6341,367430.6753,276967.9683,2445480.732,1600273.278,256187.0059,285049.0449,5915633.026,3106442.075,619062.2387,74617.34443,5202977.454,3890359.632,1627.043651,0,10722.0458,18581.05307,67063.07854,24297.79811,13780.5794,20929.87326,105269.4473,7531.322614,5744.927743,46240.86238,49249.15364,16113.43509,0,32979.70866,50287.83995,2722.52538,0,14898.16404,11210.67754,0,2776.162172,77740.47304,10419.00789,1426.338483,24950.49256,1865.489048,4717.143406,17103.75513,88133.22978,22358.29315,54601.72607,2695.783211,46397.56355,64112.54254,98633.5761,0,44967.09676,95841.23124,409474.8965,5621.513794,80534.98551,102652.8158,460944.3591,34198.71676,196157.9137,80213.9588
Arg-Phe,23919.89154,348143.2277,512043.386,1244226.157,822708.3057,463286.0433,877188.7161,1924808.609,2844127.168,657858.9786,1015912.581,44147.15555,559046.6995,980772.5243,2259241.203,541061.9199,682042.0923,416959.9736,3040516.759,188337.8352,899039.3663,1611233.286,2949190.603,64409.94445,333003.822,2467633.993,191560.4353,608070.5631,746448.4334,3294323.556,2514999.441,527797.0279,1213586.314,3560898.365,956599.5705,332924.49,1443184.785,4793935.377,2375565.936,1804835.706,1487721.392,4681532.465,7579360.306,1235404.35,39916.55328,619939.7187,223368.8738,66556.41893,780732.2415,2625777.738,1136551.785,3901831.647,2453124.185,3165876.355,2541573.529,2214384.525,643221.6531,2705415.278,151718.7079,776061.4117,2014447.63,2152283.275,1917991.07,1490149.527,1055051.907,3353234.399,725820.6301,1847719.416,1036339.883,4138541.392,465707.3748
7-Keto-8-aminopelargonic acid,46727.76377,656799.1802,144236.4743,830166.6711,175394.5743,2644821.833,1026972.803,940208.2712,65467.38035,2263691.811,1488116.466,844880.0871,177489.5049,2454145.791,5528457.025,609282.49,1207068.522,6975246.305,6418736.974,3498530.352,413440.0266,3497598.125,8055267.269,3210.209666,95067.28279,91725.37371,35521.46654,492036.2886,326788.9137,135368.9603,684150.4889,1440905.965,273778.1167,152174.447,36370.32134,642790.8677,326988.5017,48003.72896,385435.0653,323800.029,121223.092,241070.8308,57672.70307,448009.7471,349787.6746,281146.9724,1021297.267,7431.099415,147081.7469,102100.6588,13425.3186,5120.790835,11316.98211,38973.94321,57937.09832,22283.71783,91204.92626,27702.62346,27622.25487,11835.7413,21256.10451,79076.2667,24962.23017,33686.08357,59832.60076,206365.4069,36434.72026,14778.53113,279868.912,612501.8902,18033.48783
N-Acetylmuramic Acid,2546607.517,591227.0867,3855611.886,482504.1455,11652549.75,10783011.66,23696746.31,18493336.65,20276732.35,13602799.02,26351063.55,42432183.45,12005017.34,12719460.33,60203953.17,11620559.42,33132880.92,14607756.42,148402509.5,30839746.01,13722780.77,6421783.605,91538491.26,5360.937894,51150.70722,130120.4041,101839.2318,13529.83855,203512.5824,48117.40753,295657.5792,44273.27953,364739.5192,365501.1261,152781.1538,101925.6684,587868.4058,548918.2026,232595.9691,245247.5719,935870.9937,1213441.881,405999.8693,166843.1564,119172.8925,1194099.439,408776.3792,64387.13261,20015.18511,82947.88751,65386.85039,38104.92047,59613.88591,13550.13521,46281.26153,54007.08775,37085.49728,307515.7383,432084.0552,24679.86452,116865.6978,194429.4568,372737.883,67723.05567,17427.86453,96860.04396,4304075.751,2302344.578,52556.29135,222367.3135,215552.5175
N-ACETYLPUTRESCINE,5129496.761,2630082.59,4598653.749,4916410.514,8571202.023,31169337.37,5271055.05,21403887.33,9503172.662,29940669.96,8399749.78,27973536.11,6099126.689,15090590.28,1994912.401,12337449.57,20565456.03,36052036.85,2528914.623,43851942.46,11562977.97,29712511.47,17770309.9,13800294.53,7669994.772,13016347.77,30484503.76,50450129.81,58224601.86,138978708.3,152401714.7,168391557.4,99123437.9,137781125.2,18830798.52,271450724.8,24978962.59,145626456.2,118090664.3,158539163.8,36916531.86,94969824.52,25334950.53,138547995.3,1281298859,797204098.4,562026641.6,4980206.695,2146288.493,4435595.905,8780361.429,24488914.72,30960282.16,44211735.16,20435519.07,53729080.28,15083360.42,24077355.2,71729412.74,62172552.48,72240007.79,23942530.51,51616719.13,84961660.5,113251021.6,32070811.01,52907729.49,70024735.12,33291266.6,120142996.6,87225939.94
L-PHENYLALANINE,4493834.687,3391205.318,2720281.294,2436829.181,593802.0798,1025855.526,2652181.554,4013084.32,345816.1489,1058402.089,1638017.581,6295853.904,1816395.181,1041516.238,2296529.466,2738028.797,3218757.182,1354763.689,2657481.286,5123766.053,915018.2321,847576.6714,3066831.03,485820.0234,2279044.212,10970819.08,2329770.848,3802289.591,1061215.435,15034527.14,6299253.865,10472964.97,884826.1139,1604617.017,873706.8711,10155956.49,1258116.918,1996113.39,2919344.622,7402468.487,2199864.171,13118414.71,1038724.71,5872359.987,1765360.821,4450100.809,4962985.326,4745068.622,4174901.703,7105112.768,2991214.096,8517443.966,6511256.687,9901992.496,4519938.36,20249812.47,7375491.246,11583959.81,6932750.361,9796209.061,8702215.125,15363818.33,5602044.485,11719225.59,14748267.23,21663496.66,9605672.001,9399846.641,17189389.91,15876812.22,16800373.41
L-Asp-L-Lys,9578.062587,72884.37622,27221.48092,34428.54966,12712.45203,186009.4809,79983.75581,225532.6664,9266.002198,29568.47879,98499.35545,273175.3562,98023.96093,476416.8086,100273.1842,130722.2008,148782.3323,194039.0427,366166.9745,381535.1724,41068.66293,567895.5671,332031.0663,1308.439432,2986.312842,29734.88062,2266.4417,11207.02224,19681.12989,7821.57576,61875.57297,193164.5577,39813.70385,163957.7299,63781.34398,7222.318829,17857.66215,64751.91108,2512.532698,3838.265548,5491.226071,10441.19944,42613.391,2579.054881,87895.14444,9209.158632,4043.414898,4189.695131,20984.67583,16892.57765,2380.160707,19144.77645,23459.61193,38547.53739,43502.98639,79838.91906,29434.65561,122308.8069,29239.28159,44529.72905,19225.90195,264784.9322,27536.27557,82227.58923,14827.22431,84579.93539,101426.7887,77373.71709,30932.36905,118135.2122,32829.20189
methionine,5265.614956,7547.375123,6831.445271,32804.64315,56562.22985,0,88110.57876,102927.8737,59946.22831,0,119823.0162,78108.46927,8711.176109,28744.52603,301336.0123,81288.01444,19625.9571,48814.83969,378814.0522,86475.396,38456.27032,137507.7258,315208.3947,4834.545038,12982.7371,12428.82558,9824.61848,35949.66438,97476.64383,98049.9759,146567.8893,180452.9901,117862.8438,151903.2048,486087.3633,393270.1585,217951.1382,215280.3954,96502.5178,573006.4872,360727.5009,389657.5951,839081.3733,518028.7163,744153.1385,441928.2505,466743.1235,3044.144932,50064.85664,47935.737,10615.43637,85853.94189,140029.8388,126681.029,155739.6958,179729.4285,214947.527,236665.9457,206678.4698,88451.98016,252762.6366,532298.0892,200694.8515,228685.8091,1756671.388,333953.5987,508926.2781,93480.67499,436400.5524,477102.7727,489489.5107
L-Proline ,193761.5862,333464.695,118278.3705,1265616.003,504324.7316,915653.4621,1115813.725,634806.7881,192302.8764,499441.9909,2061772.32,891722.121,92109.35676,1105399.427,1005024.819,356156.0794,399362.8291,1216292.291,253742.0009,1615530.755,311012.085,751723.001,624857.4155,191143.8182,373165.7471,653480.2611,303286.8384,639566.0548,801744.7549,793429.6783,1201483.099,1259898.501,1019537.655,900117.1998,377447.732,1461683.031,1462912.774,1074451.155,584174.6085,534205.8499,2071674.549,855804.6109,127628.7554,489103.9486,672895.6314,1418545.536,1136291.593,126155.9589,36581.11807,123409.6684,222114.0598,774769.7634,561439.8574,748857.5536,109279.4112,1852936.068,795982.1765,948844.2771,2130518.479,1807135.639,1007404.462,1280526.348,2844443.455,2511235.327,1651984.418,2099739.382,2327098.589,116089.5252,2558082.141,2228864.737,3911255.332
RIBOFLAVIN,25231.74045,4740.855091,2881.971585,15241.12115,9190.604856,4622.579545,4601.832257,43434.37386,11442.57704,3725.596295,4912.639294,40983.81965,20001.71608,7310.90844,18990.20342,45679.76405,6362.798548,12360.81295,16137.74668,199309.7124,4359.130314,13020.75761,148576.3284,2353.85473,4049.254636,8565.674384,8328.474823,2429.724915,10284.70667,17353.56709,35124.81059,8932.714601,9377.653462,28100.85134,125659.4726,14990.13273,54957.35136,33319.93934,14459.25548,16637.50805,193618.9227,698146.3804,444868.5364,50119.32285,203632.336,64194.91076,2388537.127,1973.245249,4743.468008,4099.418948,2607.095901,6529.024782,47676.37913,20079.68834,94764.21888,4836.595071,182222.373,7601.942206,3150892.454,8356.426272,12061.1748,20003.86122,215073.1608,33273.23651,41649.05165,15091.98529,229466.0892,67919.33758,38740.94367,214154.2108,291357.481
L-ALLOTHREONINE,296770.3111,940962.4533,734032.7898,531529.9249,173668.5729,5625424.514,2850459.844,281800.3544,2015776.404,608122.1635,4300487.762,236072.383,773404.4192,601301.7393,3947876.443,1140709.643,592136.5841,4546349.644,6105556.277,541543.4547,1723168.86,666426.1488,3175400.686,633736.5575,365797.556,1205052.26,89377.61031,15600236.15,7974629.874,6062430.732,10178860.87,27817091.12,9148411.584,21250540.8,13380176.32,41165125.1,22293398.58,22628969.96,12022510.81,41386915.73,19255425,17935372.96,12944483.34,22384748.44,31324766.63,19897161.56,40046109.14,156969.7026,1707419.574,1500704.436,121730.1791,4847498.716,6290111.579,5176185.348,7522422.058,4736615.581,15270644.43,4310437.067,7527684.953,4680375.531,5786317.08,3329357.16,2954454.293,5068589.088,7593319.585,7854532.491,1944087.213,2761878.448,8286531.748,3857810.793,4495558.554
ADENOSINE,100149.5103,1361509.02,230070.7254,145548.3465,539128.817,777820.1662,420708.6098,1037850.061,434118.6341,2055698.023,598859.8578,1866111.092,610178.6909,2471941.176,1502608.18,1411317.342,1498493.08,3906676.281,632912.6518,2013251.486,1004203.761,1830631.842,3042173.297,895006.0111,4955252.195,3921157.352,2372212.272,7090870.134,29069294.11,28083229.69,16701308.56,16522203.41,46030495.87,54457721.07,44098209.3,12531802.51,45165.05482,54195493.97,8555270.163,8871755.363,48247764.84,168164995.5,35262207.39,6466926.021,71684110.36,45598806.43,18658050.01,741626.569,3070112.686,1938161.627,1429562.038,1005461.353,97200.05976,1145346.001,5316710.353,2877723.514,133285.5333,2609334.9,8904718.877,3465228.475,155998.8148,1743107.437,4208938.847,4491130.322,3519002.343,3685276.363,4422964.196,6614904.341,2243311.319,4247649.763,3637445.568
5-METHYLCYTOSINE HYDROCLORIDE,32076.59757,73897.01258,41445.30665,56404.31758,42384.76614,167148.5,78730.17558,86451.97794,17887.09054,137758.3363,268503.6647,320626.4241,34728.35129,113063.0458,422217.1935,44631.60737,45467.43389,566986.1086,463232.1225,512383.1849,38712.11114,285457.0236,600012.0633,16532.77573,66980.70841,45577.56134,248039.2378,74058.47473,1524306.646,1326773.094,1007810.698,1348241.109,1388589.826,1561313.775,3188757.177,1630091.239,2002612.765,1477491.564,614619.0851,1360627.067,2129227.001,1684877.861,2590541.335,1196036.91,3575582.805,1753087.483,2313419.764,1078221.797,4560069.237,3104943.048,930646.1593,2489543.959,4680782.072,5613696.111,7642479.484,4748496.44,12867195.27,10016321.4,3684487.652,4871190.403,7948973.126,12341123.12,2708188.007,6814556.259,12651600.32,12959048.11,4134709.976,4688721.222,15023048.04,17325609.86,4502772.651
Ectoine,6229588.076,29737590.52,19015251.74,26843420.77,18317153.92,77091754.34,46729013.22,9609945.23,21921489.12,53596774.42,45484455.24,15464288.64,10547069.38,46586291.6,59083511.08,5513864.051,32207683.23,81807446.81,76588287.05,15487529.63,14855510.17,40893947.86,52506795.14,155950.4371,2194437.449,1245465.165,267269.7118,631580.9824,1394254.124,1049960.959,891832.6234,550668.0063,1427430.362,1650996.509,1982034.02,1236112.537,2170517.981,1701269.765,619132.8226,1206833.42,2165245.564,1787290.888,2005883.633,1147387.864,6031001.456,2489583.5,1933915.352,229978.1326,2523891.722,1542735.777,339013.6449,338948.1998,1356631.461,1267462.95,1611876.993,122429.0798,2755518.53,2498446.944,1615650.541,719388.9899,688967.0665,1141385.842,512188.5238,903679.2108,1032275.891,2204286.132,617391.1787,1464192.356,2569855.222,2080540.951,626287.0925
L-HISTIDINOL,2991715.008,814643.0562,896959.5815,813886.1752,3391257.494,985567.7689,1132414.8,3262041.413,3823865.792,959459.9653,1119018.859,2581453.228,756921.4213,4369244.204,1482776.905,862026.5529,5786369.993,25951824.57,7387447.086,1612393.301,2807418.746,1016087.537,3662706.707,4506054.033,57014564.26,2740537.11,3636957.971,16043777.96,224712.1287,18731673.88,184703907.6,78210909.18,359929241,17142036.28,50450606.02,60671941.5,356558168.1,16198247.66,92034876.77,46537884.05,454325378.3,39714492.82,43387894.62,61804970.28,771788391.7,25442199.61,53819309.65,303002.4012,6523282.838,382698.3222,867776.4624,36800764.59,48620322.14,1771617.001,4992463.763,58836832.33,74421195.39,8296293.873,3236461.971,71456646.9,108341134.4,9721398.67,20996995.24,52972093.15,155766265.7,13465094.39,66800655.02,48954849.4,207308158.6,13358056.38,24975432.89
XANTHINE,32494.92445,179158.2406,70874.63149,169432.8468,23987.95681,392966.6627,77864.3343,70467.04165,41530.99335,475088.127,78964.57704,93293.91444,80064.38779,267977.9835,115499.1661,67197.01881,75089.75059,148690.6699,316776.4992,221370.7631,193313.5079,478494.0877,90432.08498,202609.4517,2185170.009,2628937.538,1063314.882,5047404.796,22550205.81,40805268.73,8700078.33,12260112.26,37321185.82,112782438.3,40309539.81,20783050.59,78484856.77,118620498.3,10312369.82,18501197.19,134959250.6,136422699.7,63015689.02,11986545.66,156571898.4,132868847.5,50352823.48,45792.88573,293108.5801,488827.7873,136995.8543,925296.7845,1865981.873,4231201.532,4134005.953,945512.0449,3962257.649,3052765.496,2843326.793,1204411.117,2434053.984,2786251.686,2946333.764,1274515.186,570739.0348,5591170.471,1602472.064,963099.1244,4083850.814,5605063.287,3300321.775
Leu-IleNIST14,10732.29163,24502.83091,13198.26284,36033.51547,16568.96481,13622.30842,45443.72718,14044.10728,10906.33795,36190.96449,245182.7758,165638.2145,8385.15859,11631.36085,537370.3231,14402.41743,65622.83819,53763.18822,635302.3489,59218.89608,22395.16162,20860.80115,413370.5918,5437.725928,15525.17098,61756.49101,21415.12144,10673.066,12370.86764,68555.85495,10617.3169,11156.46021,15123.92503,12456.73252,20296.41195,18560.385,68357.85612,60021.41643,11412.12797,28760.48673,42907.55172,263219.1485,34066.8302,34106.33042,352266.9566,251667.1526,34061.85251,2501.33715,49035.49608,109330.785,9671.285623,18397.63362,146010.6961,31722.81774,46377.74798,46833.46555,413121.5741,341945.3862,81610.05839,36169.70031,636636.0709,724446.5629,62987.42411,56983.28261,1505789.936,803727.583,262962.5489,52556.54979,1565808.932,723657.2231,32205.82108
NAcetylTRYPTOPHAN,78074.95645,2626405.832,53529.2746,2674400.51,269991.8938,2877545.838,137256.1164,26766.1939,380686.4074,2772598.193,130221.6836,2147427.846,231253.1047,2285843.468,1735616.446,986686.4045,600478.1564,1669107.341,2056174.717,3376563.675,537858.87,1422242.788,2826738.819,1464.837115,106514.0964,110869.8827,25490.33297,13510.93163,144930.7023,1423190.041,252392.4155,25732.3872,102039.4475,539525.3939,993506.1321,53003.08147,1628571.467,1199429.07,60567.54894,66484.70625,685836.6439,1304155.681,2139928.268,50886.04044,2759229.291,3810232.337,346308.9726,2648.599372,26344.01952,30081.84332,11955.64495,2723.329647,8510.205625,20772.99566,39148.36444,6340.031315,31873.4902,114199.3575,15803.98124,3289.907002,26645.64794,57169.74983,52098.11551,4685.944026,9939.317862,76216.1249,28763.42109,17368.68186,146037.4872,148818.5132,43975.32726
INDOLE-3-ACETAMIDE,73692.88227,41775.32159,265157.4313,114750.9138,173842.6336,63121.90706,202205.6355,151943.29,246091.9801,43410.31458,155464.5507,65896.03756,102886.1966,30495.82191,105763.1212,87029.67753,45911.45738,55193.60666,158162.9031,224756.3461,52122.19601,76275.83714,269046.3653,25945.92375,19297.1508,33815.8914,118052.5021,110883.6749,207227.9749,385395.4383,237992.1105,226908.8061,326591.4842,595442.4707,549085.1243,326620.7561,271511.5962,663237.9702,199592.2927,362129.6824,128996.2194,339480.9426,587271.3348,191767.4893,202842.6542,327910.0609,554886.2874,750977.5828,314660.5018,633714.1724,158517.0897,1253600.128,1945108.411,823284.9014,763488.9787,2126128.801,6271539.627,1678164.338,1232935.089,2497618.806,7489249.985,1626940.377,2597875.247,4648036.73,399491.1143,1375031.003,3997594.928,1383205.142,5145705.438,3550469.986,4283767.999
betaD-Glucose,1281857.944,2728469.105,2528329.951,1748591.866,388795.2071,1681032.367,1105299.563,233316.3613,397565.9723,1203956.106,647016.743,152014.6566,71705.23397,827189.2384,1283838.56,78302.55309,137357.2224,1308651.912,1109046.439,409477.9852,379365.8558,650841.7478,1626543.182,54606.36543,687157.4668,219345.3045,212643.5935,412968.4236,1183898.737,1449259.09,603059.0174,874694.2991,1365232.554,1092788.154,2398354.273,937473.3617,1881672.543,1077653.851,157048.8094,762169.0167,2195493.133,1249711.603,2018895.398,589762.6378,2639843.265,1089334.788,1179469.313,975324.1299,623751.7643,511753.3717,108983.8845,1097778.922,1506519.017,1890420.269,1519322.792,2502442.165,3221865.257,5867928.195,466901.2142,1636141.102,2012379.984,5991828.289,1033048.878,3429582.886,2804793.204,4643135.993,1158473.81,1295751.56,3137774.52,8930600.891,1387214.959
Bactobolin,150949796.4,854803788.1,942908131.5,868906324.2,369462725.5,1578612490,837051207.1,97779164.34,815492807.7,1623594580,1102241245,488271512.6,306188548,1690721922,1926175944,178096206.2,363200038.5,4126575171,3954983859,656047325.1,520032720.5,3380626196,4920791710,8952.226242,1053500.027,459894.3662,19090.9164,6178.984111,135417.4958,10052.00346,22773.13721,6607.11792,115385.9236,86127.19819,260749.8154,245645.7314,82853.48641,240965.1488,250488.0582,29785.98286,80239.65011,371745.9844,706049.2617,11770.07705,196184.1931,12164.91492,1650975.543,6522.658246,169984.3189,55245.26089,43309.02491,9910.068717,203122.8088,0,320317.2239,163357.0852,205239.4041,11628.68144,59665.32861,38697.6106,175564.7463,618375.8349,4361.471924,18558.76219,284040.8934,72495.98435,30307.41057,42624.05064,43376.62197,59594.68965,55386.82356
13C-15N-Alanine,42399097.12,110771053.1,153798176.3,200815055.4,84872686.08,139741675,169299580.1,82989883.49,91200853.17,117386826.2,209071211.8,98643696.38,71234777.51,96027286.71,135444502.4,54558174.59,112981225.4,137298879.3,133902499,78141045.17,97658905.22,77344021.83,124168730.8,35929175.63,129518946.4,138364747.2,100017893.5,84433770.81,106380800.6,119261930.6,83735765.94,97977085.07,91336649.54,122150540.3,136399395.3,129079670.8,90133397.09,121555992.2,44851984.04,94047136.55,80481832.89,99553809.31,146335700.9,102861811.3,216335403.4,134004891.4,103479442.5,30023170.7,107923190.6,167367544.5,73474741.15,98315574.41,103978156.9,127287439.5,154247613.9,104281348.3,144240613.2,154010465.5,103742960.4,112055036.8,92761950.85,131478355.6,65244990.37,105091015.4,117717366.2,147386594,53310372.28,117649775.3,126633346,119532362.9,91241093.41