"","1mem_Bt_12pt5hr-1","1mem_Bt_12pt5hr-2","1mem_Bt_12pt5hr-3","1mem_Bt_12pt5hr-4","1mem_Bt_25hr-1","1mem_Bt_25hr-2","1mem_Bt_25hr-3","1mem_Bt_25hr-4","1mem_Bt_30hr-1","1mem_Bt_30hr-2","1mem_Bt_30hr-3","1mem_Bt_30hr-4","1mem_Bt_35hr-1","1mem_Bt_35hr-2","1mem_Bt_35hr-3","1mem_Bt_35hr-4","1mem_Bt_40hr-1","1mem_Bt_40hr-2","1mem_Bt_40hr-3","1mem_Bt_40hr-4","1mem_Bt_45hr-1","1mem_Bt_45hr-2","1mem_Bt_45hr-3","1mem_Cv_12pt5hr-1","1mem_Cv_12pt5hr-2","1mem_Cv_12pt5hr-3","1mem_Cv_12pt5hr-4","1mem_Cv_25hr-1","1mem_Cv_25hr-2","1mem_Cv_25hr-3","1mem_Cv_25hr-4","1mem_Cv_30hr-1","1mem_Cv_30hr-2","1mem_Cv_30hr-3","1mem_Cv_30hr-4","1mem_Cv_35hr-1","1mem_Cv_35hr-2","1mem_Cv_35hr-3","1mem_Cv_35hr-4","1mem_Cv_40hr-1","1mem_Cv_40hr-2","1mem_Cv_40hr-3","1mem_Cv_40hr-4","1mem_Cv_45hr-1","1mem_Cv_45hr-2","1mem_Cv_45hr-3","1mem_Cv_45hr-4","1mem_Ps_12pt5hr-1","1mem_Ps_12pt5hr-2","1mem_Ps_12pt5hr-3","1mem_Ps_12pt5hr-4","1mem_Ps_25hr-1","1mem_Ps_25hr-2","1mem_Ps_25hr-3","1mem_Ps_25hr-4","1mem_Ps_30hr-1","1mem_Ps_30hr-2","1mem_Ps_30hr-3","1mem_Ps_30hr-4","1mem_Ps_35hr-1","1mem_Ps_35hr-2","1mem_Ps_35hr-3","1mem_Ps_35hr-4","1mem_Ps_40hr-1","1mem_Ps_40hr-2","1mem_Ps_40hr-3","1mem_Ps_40hr-4","1mem_Ps_45hr-1","1mem_Ps_45hr-2","1mem_Ps_45hr-3","1mem_Ps_45hr-4","ExControl-ExControl_1","ExControl-ExControl_2","ExControl-ExControl_3","ExControl-ExControl_4","ID","MZ","RT"
"37",40047279.15,100489952.4,54261846.77,89146543.74,85928844.8,184179875,139321180.6,154703427.1,106868292.9,153296678.5,163810094.3,202985911.5,70948492.64,165795057.2,284914930.7,94024878.6,214267032.1,301467572.5,327518211.6,320849781.2,108870988.4,222462173.9,347890801.3,26839569.55,116732101.5,103422046.5,79225238.56,86005556.22,251243158.4,290825255.8,160384005.7,195774951.7,286254665.4,392305927.9,445005606.2,308442444,346852839.3,397171484,158227199,227838558.3,437684282.7,475150408.7,502439048.4,169572847.5,614489527.2,463036107.4,556364160.2,979314.3936,4309047.073,3382650.315,2525363.488,10801436.17,10626607.96,15275240.92,23681374.06,18165867.82,28230051.35,23680286.98,26440147.46,18239764.1,19617558.43,26945287.08,21902353.03,29231388.11,29958339.79,30271742.34,15729231.29,22961125.75,35617674.18,44774334.84,30793424.49,178556.6055,1367656.764,1772080.768,229162.6431,43,125.0358794,1.53833996
"42",851738.755,3063898.431,1334736.734,2001591.533,2341642.629,7914607.808,5755353.312,4682892.584,3001906.321,5549140.783,5089422.576,6779615.51,2231872.115,4062815.314,17450506.97,3462660.436,6045518.819,7930267.187,20318912.28,9718555.114,4579777.397,5046485.33,22034495.26,31945725.3,221649918.3,253781282.1,125274416.9,372099360.1,711472699.7,1076370657,442738332.2,697814063,924287900.8,1563266732,1374606832,956371796.4,1417648501,1626603892,520744282.2,827979529,1901751740,1908217059,1702655681,680292633.8,2141212238,1920055846,1471045192,11619766.75,35703845.26,21988030.61,20297640.84,140188024.7,160362976.4,201408280.5,373683699.2,145868477,349142993.9,273676214.8,284098776.3,159471908.3,207353447.7,264114850.4,285538089.8,181555956.1,58098041.56,253845702.7,172773642.8,114806207.3,310232085.6,419083551.5,328186403.8,169865.7822,28989184.28,11443964.84,667859.1351,48,151.0264288,4.74570444
"46",59326.07021,1176716.477,188355.2409,188511.3312,29935.10764,1070711.13,109510.587,336986.4882,66736.89229,842586.5121,599185.4014,79025.04108,36747.05004,1394923.675,2106496.737,56542.1493,468817.9784,1637315.354,428027.3044,1735820.849,48101.4019,1111067.442,554929.5337,34725400.12,364318480.1,192473500.6,141332619.3,180304313.9,2756653835,3462493635,2614317642,800937336.9,4540157449,4636031060,9652671440,1926217451,4990083282,5545884645,2343417079,1862265755,7009822682,6486434561,12234948116,1627866402,11759156731,7431437970,11051929630,13304.47854,155774.7493,25372.10731,25268.4027,286888.4402,1096197.909,173241.8986,260014.3976,7501475.628,2425784.789,638101.1244,178379.9268,55374300.78,1722467.54,530116.1822,106699.0255,44545109.58,1199485.109,199326.3564,74352.86437,1320630617,1832329.351,559608.1755,72162.9648,24019.34476,1703505.471,5653110.014,374778.3702,52,153.0196332,3.72183759
"101",7073977.094,15703397.4,11266008.32,14797778.71,8476737.697,37537438.83,29622898.36,24396410.31,10575431.34,34702728.72,34695096.31,35732246.07,6650312.967,49581623.96,62153537.33,14739899.49,31421723.47,67776646.95,64497162.37,50182516.06,15203870.52,53485537.86,68203893.04,26081421.33,104038273.5,99191207.68,95723799.77,71040929.95,262763710.8,301900929.2,247306587.5,208326034,356208970.7,359749477.6,559015321.2,323060813.7,367928582,357302228.1,191159310.8,198167279.6,513506268.9,466812154.3,653118871.6,187901105.1,748691588.1,486434817.2,731505923.4,1747778.139,3613477.549,2556080.183,3056773.426,506239.0818,3909229.196,3079848.365,7839098.901,2877759.085,7809987.578,4976130.45,6333557.649,2402360.838,7516849.618,6022034.831,5074795.174,2724256.35,6418484.555,3811390.888,3965962.165,9653806.861,7254078.327,5488050.46,5287474.91,100589.749,1187420.71,1043055.533,955331.4241,108,137.0246625,5.706451002
"216",52219767.41,54477475.7,52813801.67,93552255.92,151831148.8,429721792.6,514528448.8,558113417.5,212969413,480600598.4,502631566.9,813770510,193498087.4,973050343,1131264762,374252893.2,797081469.1,1085337578,1436144769,2047978202,347915873,1053999788,1607036673,498715300,50586803.12,71827931.88,46745586.88,33807404.31,50800436.69,76690790.73,94043037.61,72645457.83,60943408.49,249887273.8,163930407,91431918.37,51670996.28,304570149.6,49355351.34,34606560.73,63187662.25,47194938.42,121343104.7,30967779.12,72731206.13,106777868.3,103050211,26181987.76,68493354.59,72812372.45,64134999.17,59591360.55,85398957.72,83560197.59,283711888.9,121946814.1,169460393.2,172781493.4,147480703.6,121165729.7,281404466.9,262031650.1,106665461,289184780,176590856.7,171135546.8,144270037.6,78717800.47,245892300.7,210433111,193425438.7,15774598.58,37761078.59,25533383.39,30391167.69,235,89.02438863,6.85810108
"410",303745.1477,617558.7489,846146.2925,455831.6321,3656119.798,1188703.572,2959435.977,144034.0732,1625782.812,165406.7535,2843552.114,964764.9685,1061053.204,6048298.801,3854266.137,231976.9831,2723738.675,238237.9968,2969911.712,205804.6097,1278905.007,2878017.775,3780452.039,3311468.69,19690914.9,15767788.31,15444106.99,9447985.485,58978805.07,80575997.38,72672666.59,26695705.37,93268817.81,103656566.6,296546094.8,35735391.45,114319646.8,100672374.4,47677734.68,32228961.77,162540847.2,179731627.2,331423786.8,32823862.65,185191614.1,172997859.5,157627556.1,885309.6476,2057782.521,2070353.768,1949896.393,1849682.281,5197432.202,4087784.596,17164521.65,4273487.471,11469897.49,12637881.48,7487739.447,3586629.422,20989400.64,11348295.67,8855625.072,4481677.634,8491917.956,10339730.03,18987306.41,18069281.3,12974529.05,21385055.47,14939898.71,287677.592,402180.3359,338461.3712,564901.2106,452,172.0982301,4.456316138
"430",32328101.82,21045917.18,113822329.6,88112973.72,39824018.24,27390844.54,87424502.08,38877852.57,49291191.97,39755886.79,73574964.69,63739473.53,22856886.81,40501999.78,124652852.2,18733445.97,74092730.88,33188301.77,150169874.1,66888188.6,49975321.18,22387870.03,121702975,11581166.14,18076232.98,94745644.29,24962355.31,26561959.34,30587150.77,44733644.62,46956459.15,52288263.11,34175599.35,41665982.92,113299767,54134386.33,22143499.63,39045786.6,21637162.51,59422619.22,26540883.47,23738013.86,73508328.35,45483234.41,39271860.93,34718127.03,42423536.74,14568624.16,17768847.08,48528624.69,91754540.15,32928185.21,336041077.6,29657766.81,39337489.01,65079312.38,21170090.74,66083820.45,644365606.1,54640042.22,20289785.1,62674441.1,551169883.8,64805328.22,578783421.9,41809625.64,611300309.6,47686423.06,27894975.86,35285496.32,812360508.5,1279358.978,4194186.039,2956897.834,3561565.805,476,131.0716081,3.629839332
"476",483035.4397,3879164.804,49423.07952,47278.07802,174912.2659,7046116.674,104585.7572,252941.3627,50249.33118,176489.9911,99280.44646,501245.882,164310.7841,388353.0196,807305.7469,57476.17474,254072.4719,878883.2865,674917.1893,221128.5247,91258.94147,501406.193,1113597.946,2098505.999,9108305.579,9352136.194,3253509.339,42400376.3,103052505.4,134157271.3,91751439.02,105212884.3,184446036.8,119554003.7,364636197.4,134086049.4,227836413.3,116555946.8,78599647.81,104444278.6,288777962.2,152539782.6,373070709.2,114829770.1,284419693.7,161344005.7,134384817.5,963697.2213,1256567.902,897152.3049,118966.6046,1235941.144,4841792.137,2291441.918,13666211.13,3405153.191,14807066.53,14455980.84,3854942.691,3862538.637,23303026.93,10873503.6,5940476.278,5422426.862,10213727.32,8230747.051,18588482.96,50447264.01,15032603.24,17862843.99,8107403.965,13189.80973,514415.1739,241763.0898,228859.1656,528,130.0511657,7.375222313
"513",2765893.332,9556438.628,7000894.718,7106652.666,4429358.507,12739465.44,12333770.35,8632682.254,5349894.03,11555024.24,12601131.77,9968023.787,3333852.747,14306657.58,19361219.66,4067636.402,9821908.876,24357566.51,30257829.33,17536325.37,5836642.752,17009565.93,22369968.81,929952.6207,7531374.62,3987562.818,3272771.464,2047177.962,9282821.385,11872035.65,5692575.689,3875280.274,11820957.74,11902342.8,19350363.96,3969320.909,12339237.03,9987450.519,3463424.337,2886651.558,15668637.26,13266314.27,14625795.91,2390494.294,19637593.92,12270434.47,9870269.307,783932.6606,5474539.162,2957248.54,1717713.311,3941403.31,5828442.152,5572081.513,13335202.62,6875394.593,15976538.44,10808705.61,7379749.867,5086859.551,16190326.48,10159895.83,7740219.351,7250730.385,19602708.79,17432270.43,9283953.177,6596896.573,19690268.71,16104812.79,8216270.656,224917.1012,620192.3113,254413.605,468159.7021,568,85.02933629,1.495371031
"553",51352362.15,36170806.8,13967982.97,19436516.8,46368334.32,78129154.41,75731443.22,61991642.54,53688372.59,52370539.6,64838141.94,46687926.91,50769726.95,66937132.97,71370433.4,66972505.71,47290683.76,56587585.67,72551363.91,120239700.6,64350531.07,68338916.11,55660215.67,4037707.062,5416327.119,4158792.937,5967313.146,29780955.55,40782144.49,26011740.17,67392257.27,17242432.64,40577787.28,24551805.57,36631037.54,11893608.55,25910604.37,12473580.8,36756490.1,14802341.98,28351822.88,10953868.13,56367576.98,17749275.06,33153944.42,19833320.43,22655036.17,171582.2956,12779960.02,4680805.225,3977054.517,76528785.64,586701606.1,494047020.2,833369985.3,334363456.3,1008398990,656178625.7,1114322289,166821442.4,2054353492,1285353391,966895235.8,660218.7223,781995905.5,1117526512,1712620899,140181269.5,2145234770,1962145766,1514332537,64376.22879,829666.1893,275088.878,655965.7662,614,146.0461419,8.366962674
"594",2269.127381,3334.406234,4238.999826,2995.027518,2406.042045,7057.503341,4409.430619,3213.303522,3123.743879,3344.570292,5257.741546,4555.428595,2315.608016,3648.793448,8694.56563,2078.592059,4167.009218,7590.225215,4160.983843,5407.806662,2073.882282,2836.77269,6896.326441,867494.3069,5883159.81,3945172.034,2879174.986,9094021.272,39662200.64,51081567.86,28009636.74,27032581.96,55779607.23,61837191.67,79185871.71,38516553.22,64978879.68,52809217.84,18650119.02,26663000.29,88153875.5,55712117.04,72979533.44,21870265.96,114622847.9,69062530.83,69270239.2,266856.919,1287398.702,379143.948,211823.1395,909252.2747,1591634.802,3421989.071,3233001.948,1989115.422,4365826.558,4415751.538,1870709.316,1585451.518,4158647.927,9014013.458,1476362.941,2363418.757,3253470.866,8305696.621,2047310.775,1781030.036,6555046.979,11762712.45,3004649.27,2187.694447,89921.50045,4639.523042,4729.250908,662,110.0361477,5.005273877
"597",388904.0271,1052466.297,528796.6135,841211.5541,384695.6595,820390.8396,778218.8324,547738.6809,430520.5487,836773.3857,566549.5629,865328.6416,427800.7991,709328.6727,873557.9284,525392.4019,593751.6567,483804.2123,1096590.545,922783.5979,705392.0831,341375.2708,850742.1325,127746.784,6169629.399,2359177.972,1705410.654,3727349.279,10061244.88,6536419.013,5350162.348,14082010.13,16437512.63,10013050.82,38628983.2,42591571.48,28535323.3,17860591.31,13851808.35,55331932.48,54572931.44,154740358.6,125870270.7,54806648.84,110134539.1,44084516.68,121757857.5,4949709.727,24316292.03,13380195.53,9809889.888,40881899.03,56755816.85,44110507.4,96118358.07,73289564.34,163664600.2,72329479.85,49069464.17,51289853.92,120549649.3,68395592.98,37862764.57,60810801.92,146483987.3,74434330.02,40511469.17,38138249.4,99772214.12,80516757.32,45358277.53,37637.17316,265794.51,2045223.393,6064.486951,668,135.0315275,4.21306459
"633",8496.37645,13776.88468,18909.17202,21866.17774,13326.88113,23573.74355,31176.65748,58786.89358,17495.17616,12407.36506,21406.46786,1225251.79,7591.623016,9912.15756,13470.53136,12305.62785,25048.67402,24453.47097,24360.01708,464435.674,12690.63788,13669.03501,17197.40431,1987976.187,7821614.258,5749427.862,3928517.794,13903906.81,42428105.6,40655646.68,37252632.47,36870052.41,66276987.78,45939809.28,31713033.76,43137899.28,59980021.46,43403498.42,30620267.45,40996369.96,72521190.75,89306739.04,101199313.5,38212174.97,103200993.2,59413464.61,68778382.94,9917.073831,11262.81422,21937.43397,20710.93683,20633.50349,7584.067969,16298.61,33584.16266,15662.30733,23373.23537,15585.75886,72639.12996,341981.3178,5911.590287,20934.20159,14586.25939,240797.6314,11920.48988,40666.95371,12052.55244,1506914.613,13815.73961,20949.61325,22928.68392,4086.338298,12878.47762,8107.998666,5129.374443,707,155.0352665,8.010994202
"642",2788888.038,2786238.032,1251380.66,3276027.814,3289268.776,6337712.635,4055538.567,6948681.742,4179439.346,6221603.819,4954788.766,7321086.81,3601559.086,9127091.269,7291756.074,4802111.973,10736744.25,9110822.191,6947415.211,13137660.7,6681266.004,10085394.67,11067608.26,4023947.654,7359080.832,5982868.805,8816814.941,14944448.65,28278995.91,32628677.14,34044861.6,30616776.41,48726928,33478282.58,105347892.2,43819111.33,70054886.12,39596512.14,36985045.57,39255005.81,111467635.2,121932379.4,184532229.6,38217149.37,167308784.2,84426492.56,131666086,7074301.251,14299307.07,7464416.462,8270209.287,18103177.51,19891380.7,21147214.3,41677389.66,39301088.92,34215438.28,38811268.58,38245915.09,35618253.65,49681375.95,50587618.86,36737708.54,50128044.19,96988666.79,41315594.38,35760291.75,46584532.12,62073850.55,59849844.3,55977828.36,5860.464459,41041.51199,17744.88702,31416.60933,718,152.0355342,8.449926044
"744",15756484.5,150863825.3,45233397.6,114410339.9,45393864.01,212505088.3,204657367.3,32822147.91,48130941.56,114892507.1,208591091.8,25121993.54,60803058.08,124254207,378510923.2,11896540.17,69492556.25,235376856.3,446104808,67286473.87,58139047.85,148579445.3,229943213.6,266322.0736,15053540.85,944132.877,547208.0822,991590.0668,1450195.312,741777.3745,873678.8437,913231.4492,707777.4356,1650683.549,3571425.046,13559684.27,731403.2016,2793850.513,476907.3433,437394.2782,572618.2472,601881.3064,2778589.566,332896.8046,2960823.683,3833691.292,1518643.765,5853273.498,122968258.1,64702325.18,4260405.577,32396605.19,78698001.72,63676121.08,204795129.8,43793127.89,135989630.7,79668390.94,25558246.1,80012567.59,167184682.8,58169334.75,31549265.8,40291797.24,1921799635,82175923.2,11312691.47,1096550486,280094057.5,86353254.48,46143699.88,1388396.176,43015.3276,192262.9871,272734.9152,841,195.051347,10.38813821
"766",2908741.365,16059112.15,10366822.06,13163878.33,3635993.656,56546827.02,105765664.5,87107923.05,3842667.892,22716697.7,55644300.69,123588437.6,2154855.436,39018208.22,180194235.4,3594864.649,118239912.7,140300417.1,254845278.9,400021225,8578863.543,28205065.86,881539200.3,47486.20437,10835149.41,3624596.729,341793.3837,244151.1184,8102137.316,12046179.96,2178074.963,172527.6974,5959028.572,551408.4913,19780814.03,133217.2685,1329538.436,435107.0849,64100.10923,72407.08622,3054807.166,638981.0082,5906043.863,68131.17054,7193901.516,331055.2653,201580.1624,381609.1638,743245.1925,290059.8719,154672.9911,184729.219,5842553.659,615906.5261,17544262.44,681867.156,16580644.37,7250841.833,6976654.487,1022075.565,20223073.33,4449444.372,11319645.5,318834.1144,4873323.975,4043764.994,1555110.047,13145386.54,40554225.03,14762516.81,7901557.986,16475.62906,57779.5965,36739.28363,500815.6222,865,175.0605843,2.145511411
"780",60334592.57,128437674.9,68823989.38,86395078.05,58572128.65,346310195.2,157470902.2,232652568,69823624.37,452613016.7,197335822.1,340023090.2,41420972.05,632750948.5,311690649.4,159171444.3,198542521.9,728825269.4,479043067.6,422184801.3,41754332.69,562464796.3,457221431.7,6893316.829,13496992.81,1273319.02,12812205.24,8478319.705,1420152.654,13552133.44,10090317.69,10101082.75,3046980.975,1648195.849,21699303.85,4314856.587,8511306.643,1039413.886,2667848.205,7307103,7886430.364,7864619.684,16186349.6,7995358.03,5079205.4,8690563.339,7038048.153,10454644.49,14249391.89,2043473.464,12557756.18,13519680.32,19534005.23,2960490.938,52282468.1,20795728.05,54263467.51,34824050.81,40803062.6,22307412.34,46104140.69,29964628.18,38036852.13,10077911.95,8016751.521,10349752.83,28497439.51,21490418.55,22417524.29,23420676.4,41727205.61,13736527.48,220481.4255,1900209.288,3139710.002,882,101.0245843,3.372302122
"792",58352.2407,34888.00289,4695.945474,5391.734029,83192.80925,236457.3814,89710.70546,45282.82986,79606.96153,94636.26231,66495.81164,98503.41206,78779.25571,71586.39449,112689.6905,54942.28107,100837.5627,108839.3333,261150.5967,173132.6755,125425.0117,93474.23456,99628.74743,1141446.01,4197693.457,1173696.576,3437392.776,2318535.311,5594975.376,4532657.608,6388880.267,3836015.022,5984550.046,3784682.29,6252490.65,4214340.815,6482312.712,3090299.132,4139132.45,4443766.916,7371860.232,5184507.868,6288211.073,4311929.775,8357112.706,4043888.553,10466179.56,48298.14674,347391.02,140182.79,92068.8283,227183.6256,230375.7243,207938.2236,275515.5588,403059.0388,523213.8349,403136.9604,390822.5761,286878.2558,517341.4375,412413.1856,246164.5512,447809.8949,792348.4841,446434.3904,205956.6961,308869.4314,666252.4135,402285.2495,389606.7181,8152.288253,6539.318761,4145.431145,3655.607289,898,102.0562235,9.343816178
"870",3940685.918,5898704.274,1320120.318,1041112.844,4627614.752,8552038.189,5855248.297,7325103.456,5599554.896,7158356.291,5338077.817,8109326.124,3560718.95,8616106.493,10167748.76,4224671.064,9198849.374,9493714.5,12255519.54,15241868.25,6118929.382,7608781.967,8201146.528,1717917.969,6515146.028,3160676.775,4681257.001,7224469.133,12118134.93,8502401.399,10966120.97,9174870.676,13434297.94,7276446.816,17038575.6,7484310.532,7336598.384,3580744.683,7312710.215,5961438.826,5889367.589,451385.5358,11751383.99,455676.0652,5825508.007,4004516.704,10266245.88,2746921.185,8943293.848,2662718.813,3485821.665,6549996.236,7522631.032,6080306.302,13327649.94,15137399.98,14997307.27,8561611.702,12351005.27,8023236.192,22495622,9953433.829,10037446.65,12885866.97,16505024.87,11106257.68,8039678.951,6923148.402,33033738.68,13220198.59,14755536.24,98667.56159,95475.86268,66093.27843,171948.2259,992,105.0194652,8.698006676
"946",1158759.755,1630472.423,129401.4701,172343.0706,1073956.518,5582669.462,2916244.065,1720405.281,890289.5559,3932216.67,655053.8377,1520585.483,719052.0057,5165251.337,2512247.73,1047059.425,746413.3433,448051.0196,349751.9499,1878790.035,1888262.123,348923.3903,390571.0813,688835.0343,3697469.297,2894645.549,1692703.641,2802324.881,13850641.27,19844409.26,10502173.21,6546444.902,19909642.19,14764914.38,25108937.92,7594396.301,20292132.05,12121298.4,7035042.049,5427180.275,25510710,20691859.42,24167070.16,5028633.027,25884422.77,18557425.71,13123930.17,1438222.923,798703.3796,504129.6417,3039255.015,38549181.33,1631913.156,1016863.686,2906111.203,1861811.111,3733927.768,2855354.47,40508703.48,55025525.82,4561809.216,3319295.29,47377503.47,82996094.86,5124970.111,3280694.853,1794686.304,50060074.41,6101675.046,5618887.003,81999871.58,40803.66784,221300.969,1089458.49,140796.9902,1091,187.0725504,8.094098101
"960",3086663.992,8797614.207,5207534.109,5866415.024,3952504.197,11158669.61,6247351.826,6315303.83,4742068.137,11482810.85,7578722.83,6677242.161,3109672.656,14630825.77,13028532.79,3397985.171,12181134.05,24865590.41,20205747.43,12759652.68,9128854.894,19182731.53,22431611.75,427772.971,2172007.73,1065147.041,856006.5868,321713.3207,1046750.807,215465.3126,51227.80055,667699.2874,131928.8742,277227.1265,629015.4327,105104.9568,1155382.737,487183.5202,554071.566,2640537.234,1712738.717,3168331.439,2222480.631,3402815.261,2995136.044,483671.9211,4151662.761,68924658.71,158205859.1,95677136.6,64110114.35,182068372.7,160329945.9,228397126.6,337170033.2,335588425.5,324046945.1,323051792.7,260364514,232790242.6,302087517.3,337204989.4,253136228.2,298860994.8,350111722,351339597.7,220354510.5,284160074,373672148.3,511946776.6,316309284.7,6238.093827,19779.88531,36926.68378,35981.98893,1106,241.0833847,1.88005077
"1172",304108.472,84937.60587,270209.0993,153995.6968,119758.4381,150774.3255,149780.7184,367718.772,155608.6622,317979.9017,78741.57412,636965.4713,384604.0434,163657.3869,207108.0092,127381.0109,128366.0362,268053.7613,180921.1293,259891.1455,74914.66171,148143.0232,205746.8445,1437534.992,3333351.156,2588164.755,4441530.509,11553306.37,22145832.52,25033449.35,38010492.17,38095332.87,39098197.85,34830870.64,157091675.5,57430426.51,61818722.56,38940388.57,38492153.03,40563450.14,106770039.6,76245880.6,209057624.1,33497375.17,81181921.28,76749944.47,167944588.7,2059359.15,3771865.271,2552923.631,4382984.16,8511276.804,8865369.684,6144718.793,36714717.11,19996800.39,21647163.48,16192463.96,16837648.97,17741903.4,23156933.3,17602895.75,17263227.66,23284185.68,18893334.71,14945485.02,13518120.96,19970072.78,21598753.23,24922970.42,24044355.13,296330.0146,47130.30934,41837.12833,8349.942904,1369,163.0403566,4.312255258
"1446",757752.1686,656979.1375,1014311.626,818265.383,821746.7995,1084188.265,1215347.893,1301706.978,927781.6263,922538.5968,1602991.117,1604033.509,513205.5577,2820488.621,2475207.015,796697.0471,1473256.327,3524287.271,2915941.34,2389247.079,834772.5975,3178228.472,3157129.817,150423.331,1227317.513,991828.3882,730402.8857,777260.7815,3661764.954,2840474.762,1583956.599,1525621.514,4684163.684,3985924.985,3191771.777,2392478.832,4603343.142,3498095.719,1045526.407,2211677.818,5316616.667,5638714.377,3621257.796,1717310.136,6743160.711,3156101.092,2984633.175,411508.6782,1438310.765,668527.5467,271489.659,240334.0266,501577.8994,544348.3386,678875.3906,295379.4987,453609.8894,483811.7999,157490.9525,27747.76814,101314.2634,301809.5419,44066.41263,6080.959982,227458.0687,22022.3677,5060.364445,6213.982545,3706.032117,25376.9165,8136.166588,0,0,1977.29914,2682.826206,1760,296.0827689,1.811525171
"1524",206350.8263,910648.232,273806.4461,288513.7757,223526.3106,1118357.406,748216.0786,351098.1121,317829.4435,837252.9501,666015.0582,373316.5191,191917.7001,1158541.329,1148583.29,194720.5849,453678.2586,1394941.131,1529175.641,519466.0344,332488.9203,1160043.56,1198522.339,121192.4542,1773192.601,947921.232,403568.2678,459988.5676,3121883.374,2938715.996,1949971.377,1012552.44,3836780.157,4464459.82,5901827.996,1404425.767,3607434.355,3834650.575,1408189.287,985800.9058,4385765.403,4347643.974,5021676.348,826091.071,6052777.246,3723911.525,3934855.197,142995.2248,1333269.752,672256.1285,184764.3699,1160972.537,4137769.098,4209638.837,7234814.906,2800737.545,10626792.46,7161862.596,3083333.55,1942000.771,10560246.36,9486015.272,2355311.985,2982389.248,11276855.88,10506456.35,2682618.881,2227663.743,15746147.47,11177167.1,3478729.791,3267.325551,5007.593943,4220.327476,5934.558863,1869,109.0408605,6.43234504
"1701",2503647.498,3846634.376,3520283.008,13576392.04,3800578.253,3712649.624,10641775.09,13080678.29,4662947.945,2437608.561,9569326.692,11627961.19,3397282.776,2448582.06,25739273.71,9352055.268,16683118.77,6734315.168,34069432.55,24582066.9,5798419.424,8526659.513,48434221.39,165678.5916,1343400.198,5020877.027,1749688.227,2041154.145,2734855.52,9021113.374,2433283.249,4604437.236,2919316.07,11251284.97,13584096.74,8684112.721,11456057.75,11640809.03,4657215.02,5312930.697,9424521.229,13253176.35,13984869.27,3434382.077,6888453.918,11656204.59,16643998.11,11574150.22,3697758.528,5356353.83,6323313.318,5937047.361,15847415.18,17192716.85,33651646,5148961.579,12401271.67,22001274.8,33223950.8,8382810.124,11785252.45,20724488.1,21843522.04,8777622.979,12791380.32,19696502.69,12675443.94,5518814.743,7798713.623,38546705.86,24565869.65,183529.0637,14609.46318,25044.49842,17958.0243,2141,155.0099951,7.084591494
"1723",1706194.314,2623599.954,608732.2689,1791907.9,2924720.693,5525497.151,3330385.801,3812095.968,3153810.245,4847706.269,3416120.327,2429868.6,2976564.157,4645502.705,5171817.412,2931785.278,5712117.551,5229015.452,5948390.786,6955408.036,4406692.049,4082973.635,4362413.587,103560.2242,1352116.674,758779.5933,1298752.004,3775632.536,4554458.352,3747049.841,5298519.996,2839261.037,4478090.458,2254627.126,3855911.039,2522037.019,3531695.238,1562324.434,4806243.434,321482.1719,3200534.945,812408.191,4484564.572,351491.9363,2375359.113,2517583.755,4300975.868,2114402.568,7667162.685,2258226.603,1863372.507,13358897.26,28314369.17,19542421.41,39454599.94,35149033.06,65564101.26,56694088.35,47276103.02,22842209.99,99494034.43,74914518.19,44894460.68,42767064,101821391.9,76478545.24,30844082.27,27355088.74,182683466.5,120902904.6,72344780.19,28455.49432,60263.7168,39015.62292,40403.54201,2179,135.0302068,8.766375703
"1750",22226.21426,173510.0179,0,35403.12943,176015.0759,224945.2778,273656.8331,1225790.354,74610.63441,339891.5329,148571.6387,395986.1855,181861.198,390398.5445,912099.6028,23166.29684,83466.8446,1495277.694,398718.0605,1778405.477,211116.5464,141974.465,88639.37874,9848.94924,1028025.355,146030.0874,29255.12024,277369.2535,1344600.861,599749.9013,203518.7161,414823.6141,1696913.13,2280736.468,925398.5398,1183919.954,2937739.991,2185217.886,454178.6186,2965324.783,3115618.247,6465913.19,3803496.256,1898211.505,4572116.829,3317016.904,1542270.568,11261.46326,63335.49521,61523.48852,17211.19502,316510.4118,70548.35258,130290.4125,64017.7935,355741.0015,100604.8867,74113.40062,74707.00981,176860.5739,265661.7703,428781.6305,17640.33275,91530.89515,266946.2028,357830.269,92027.73535,38931.5928,445455.1997,39044.56849,91398.31408,0,37799.80751,4006.310055,2740.654736,2221,283.0690669,8.550296733
"1758",124816.4513,784266.096,448327.215,5140527.677,428671.9479,13630789.26,6270048.875,4616105.357,304855.0998,6175732.894,5733169.072,13413918.95,893065.3179,15029342.27,42470711.88,160681.1538,12876607.63,9214691.815,56848641.27,28207144.8,1968647.475,23591491.03,67876741.73,277388.3174,1978848.5,1019004.612,1280303.143,87208.82825,442242.0132,1946514.979,853500.0163,857761.3953,646153.7583,1386857.792,12343516.1,1070283.077,1567628.345,2284267.183,577632.8304,589414.4001,1503921.379,1918230.195,16681937.57,1478878.629,1846688.501,1156800.377,2358071.047,353471.6863,690631.4683,226321.0629,303293.4104,416474.339,968450.057,382779.0179,2409263.071,621037.5587,1040248.657,1514105.516,152069.423,159552.562,2192649.604,2663643.461,261359.6679,903418.3964,1950443.421,427173.4373,314558.6242,856512.1769,3638857.292,6674897.346,377286.451,164483.5416,248530.737,22601.12768,68179.40657,2232,189.0770828,2.107532071
"2143",136800.0127,253339.2569,226695.2857,316727.6512,193455.2969,344685.5306,358181.2252,321444.622,239268.9588,346795.7741,361194.5773,351780.278,157266.1446,407722.9153,630112.9675,155069.3511,476577.8876,719449.6544,942369.3996,540201.1519,283133.1579,541720.9605,941043.7318,129001.2492,823317.7305,461851.3873,406278.5828,238960.8967,403593.4948,337177.2343,336867.9974,522985.3285,417924.2506,285891.1377,806959.8607,752043.5063,516410.3476,266179.5473,240281.2203,1370516.689,712735.4225,1033106.428,1399990.184,2013734.111,1249143.071,559082.5656,2343609.944,3170624.101,6214698.874,4018991.409,2496133.727,9444891.392,11466229,10049562.31,20862343.86,21539119.57,26247219.34,18970792.91,12839847.85,15157064.02,24658163.84,20655398.26,12845546.33,22812752.81,25043844.58,24639957.53,11405740.82,16903667.45,27515588.29,41378844.17,20109897.99,1679.976768,2792.199624,2543.172736,0,2836,227.0676555,2.543974936
"2212",20178.63583,304387.096,102320.4942,68604.70384,65136.90185,573286.5463,42316.38761,55882.12012,60371.60254,405753.2555,249226.4035,226253.1326,22587.57158,562358.7824,88453.01912,19466.54683,60366.12332,127728.3859,353009.541,169197.1373,29300.30892,776406.8834,130160.5281,161111.8909,1050261.196,709305.8117,676027.8522,653661.874,3251175.43,4747383.97,3367645.41,2107726.716,6585261.735,6619040.201,20097311.51,2771079.087,9991890.185,7790926.115,2842505.238,2871230.474,18376898.36,19005669.54,28097464.98,2774985.286,24309035.32,21308930.12,11820783.06,185514.6814,55662.7404,307116.1967,223759.2364,258526.7133,1090780.654,763428.0966,3700313.661,734387.5792,2232942.685,2829675.493,1483317.504,501742.9513,3673657.148,1882353.335,1577894.668,695493.2943,1718492.087,1516827.458,2851479.614,2574259.35,1951917.801,3837383.149,2125160.777,2101.880813,3047.772126,2224.259503,2887.002914,2957,206.0824805,4.369317235
"2224",10636073.85,42015567.94,21881047.64,13004168.55,20521897.55,97462116.03,47301494.55,40851042.97,24287039.7,104376125.9,59044191.61,53194497.38,15450841.92,136140298,81890604.51,20273158.71,62179685.94,213754899.1,98277810.07,68335655.29,25628588.34,112457850.6,99369645.61,272591.9453,1212281.909,798491.594,874390.5056,2031545.97,8294866.084,7128683.823,5377430.371,10087518.08,17929713.35,11587814.72,19913837.98,21322008.77,32324691.12,24637086.51,12024549.1,18932648.11,49360133.18,214469189.3,43495043.36,17691019.71,84289283.03,54749386.69,126645667.1,3405118.449,20613637.73,10515094.75,6659105.328,6901351.903,17110932.03,13324111.67,12884963.48,13903262.29,39872016.95,23851717.7,22362634.32,10585978.96,34866426.6,23036248.79,18019099.7,15663575.19,56659710.71,22313905.26,14941818.76,11786721.47,31114119.3,22657399.63,20539720.54,75192.38558,218572.6317,1139746.004,54408.2051,2980,134.0474935,2.868561445
"2471",14406.99048,7322.653617,94379.70929,76713.43562,2525.921568,51468.80397,89245.66405,140971.1858,2118.590698,17645.02922,123640.3113,83175.61495,4200.672224,10244.51651,8403.749843,3415.450388,4088.300877,107675.3,20296.40007,9807.30891,8849.688303,79255.69569,122889.0874,276566.4323,932708.498,874740.9373,782049.2762,491695.589,2619431.611,4816728.002,3968066.842,1106939.054,3423935.552,6071157.444,11343803.99,1676359.879,5469807.406,4672771.212,2665016.536,1849230.169,7745918.288,8577816.751,12539373.93,1832688.742,6560408.134,9879778.905,6428509.502,3197807.486,10313907.65,11131602.16,10004927.01,13700910.43,22258142.14,20359615.42,76396044.45,31498466.42,25996075.59,40792927.89,25176922.49,19445694.99,35328259.15,36051058.45,27757276.72,24444905.28,33027776.64,43952082.57,31451515.6,21830711.61,31723505.6,52196097.89,31211946.08,1418.301018,0,1976.149758,1770.82488,3400,213.1248109,4.325063361
"2478",94516.10662,1097250.208,625845.2228,1377865.585,1482956.377,3362937.695,4731163.79,1250717.984,1442232.37,3643592.71,5103126.438,384775.7814,1309740.554,4690340.981,4779448.147,2280513.933,2514512.85,2685953.328,7497831.268,3110113.84,2518675.052,4760433.194,4179092.967,353989.3887,833577.9517,650765.4245,426505.9559,1735626.882,4032579.624,3976430.758,2903438.731,1787917.263,5562152.271,3908795.234,5276388.527,2221676.66,6285372.276,3634391.631,3339524.78,2224600.611,6046487.721,3627005.522,5107456.321,2326056.762,7886227.058,5607067.131,5817390.249,652200.4055,3391162.907,1268651.257,328620.6224,11093500.83,16591177.02,10271903.63,18575777.08,24836862.59,26664648.97,20387671.91,12499094.82,12173506.03,42431768.09,21300682.22,9737584.151,17806753.18,10437637.79,29729506.55,8818335.511,11104873.9,51100690.82,17933329.85,14582127.73,69604.51192,39947.91139,34845.64557,21777.50535,3413,191.0564434,9.241280861
"2544",1153110.764,2784639.928,850540.2116,1499191.459,2924889.915,9290663.444,4410468.432,6838588.056,4025340.286,7819897.489,5160515.122,10067710.94,2377526.769,11497440.74,15465122.25,4585963.837,12558969.17,18668910.34,12093114.18,18736363.16,4362550.685,11095300.76,13267228.76,184306.1561,1141170.97,838222.2491,1628970.518,1581844.883,2984548.823,2829691.919,2589074.627,3302499.89,2897063.543,2804856.531,3980344.802,5905675.697,2876142.031,2317577.069,2031464.653,3737558.147,4309010.2,16510461.38,5002774.095,3841463.184,12221528.16,3394473.025,13479382.68,581329.8982,1644188.314,1251271.252,1416164.811,13570089.57,10876508.2,13373484.79,26534688.82,34211406.2,46729333.13,34356996.65,39100211.05,30836709.44,36894343.42,46041549.89,26848647.69,54350189.37,47803747.9,30021287.57,28088935.98,37892020.27,66801587.74,51039575.57,55300417.48,19211.11663,21489.73866,185017.6356,33114.39302,3537,122.0249876,5.788430502
"2587",241449.5949,730397.2966,375413.2294,559910.2972,352937.3267,935789.0873,764500.1394,625409.1853,475817.8449,803754.1137,758572.7468,662577.0174,264258.453,799634.8887,1220822.857,347742.9079,639846.7938,1513422.462,1772190.289,1155335.677,394193.3171,995489.5461,1373255.068,41656.86512,576969.2037,263490.5438,187846.8924,289346.9557,974588.1323,1046841.843,940924.2683,2152909.438,2148074.454,1560061.055,10439805.55,8421861.11,8013771.824,3268989.795,3566046.101,17675684.32,16638006.83,39547141.25,45669902.09,20820210.65,27527855.21,8358263.873,44474627.41,381208.9644,1835941.783,1151234.211,553101.7252,690022.3766,536394.4621,624355.2966,2030364.096,879524.9699,840430.5665,686803.9968,587644.5424,485232.0958,655255.7475,546177.3891,323342.1208,535062.3392,61018.16517,1312829.406,239166.402,327745.7908,410629.9816,649902.3812,122803.0803,2058.333174,12118.43188,41547.06754,2373.755843,3620,243.0625781,4.455397446
"2634",115125.6643,104813.1463,93477.2535,107887.3251,54299.67233,119841.3787,108528.7982,172266.5536,44824.99621,149623.6449,129207.6302,162563.9873,46673.11979,226657.9303,246806.7998,83488.30409,37383.08826,257492.3233,207875.6299,146596.6899,33841.98203,313666.8244,148902.8976,48532.52888,248119.6039,76357.82432,115681.5033,113012.505,822181.5585,770250.2132,400898.1164,250536.6226,1099976.194,856073.0828,1275729.559,395177.7193,1236002.216,1129128.49,325577.8502,298492.3297,1622872.403,1582372.374,1552279.657,307021.8852,1830594.732,1851105.384,1477097.157,33082.3556,271254.987,86562.99957,27139.32643,265718.2319,1121570.974,908048.6667,1081547.868,505316.3271,1947115.935,1049806.243,910480.3134,450775.2649,2410676.8,1624276.133,557220.9405,631744.5242,1275095.961,1471184.714,614778.3861,698794.3345,1047965.152,2024543.027,1019829.268,56647.55406,3398.780953,4308.321836,48131.49036,3711,202.1100002,1.360609118
"2902",1836300.861,9026661.675,2526857.953,12682525.24,164116.5796,3802299.996,2053317.147,1611022.888,225178.1552,593694.188,615060.6672,1059565.812,115245.8183,484465.6885,1472367.142,456692.3743,108963.5872,1396647.18,3203733.64,671618.8831,131327.8045,198402.4361,995966.8405,75353.03585,437489.5511,320096.121,179929.243,278352.2754,729453.5408,756404.4583,806083.9739,1210719.114,1556285.242,1351986.238,3720742.453,2199334.224,3349379.07,2598173.024,2195606.301,2000300.99,4922227.933,13297897.17,4916796.896,1269624.115,6452496.787,2547311.235,1498041.737,240394.5011,227797.1875,168588.7037,97369.35291,388967.5034,317546.8196,320006.3884,330267.8594,300688.0689,620548.0965,295645.7931,178035.4957,92875.27412,482232.5685,318963.3996,88149.75601,98919.73341,64233.77467,178042.8162,68911.15327,89808.05873,215023.4204,148736.6892,4495685.525,0,9351.494431,5870.209242,3019.889032,4243,267.0744362,6.24076646
"2922",72625.215,6119.695631,33210.55867,31112.55552,39821.4851,71582.20276,28458.16445,41751.19754,30926.55171,7037.946519,138643.4961,7446.071031,41053.80698,22016.55802,132511.2006,49364.95056,13592.77404,152229.0061,411626.7666,48938.29679,13868.42354,82911.94857,140357.9041,127096.1621,280843.115,162067.1163,57941.17703,4983563.657,4564807.358,3648916.669,3282528.101,8576133.288,4570386.164,4909919.4,9768038.885,7127404.098,8851912.357,2986824.185,3164252.217,12752016.29,9123095.218,7945935.445,8589419.541,12521922.57,14039634.39,15364338.45,7237692.759,66963.2196,16028.37575,64811.81602,43263.84992,34461.69536,17954.45094,77827.95667,85792.34449,84970.42727,22996.68837,31065.33648,24969.54465,6926.644995,44342.44593,16908.86124,33840.49022,26264.89989,197684.7478,112277.6875,35911.46916,47998.22751,574752.9541,101386.6399,135803.5841,2742.348148,11521.29379,11419.25952,5039.64175,4291,218.0673396,10.60177423
"3162",2228.837928,5631.570336,2650.967531,0,4300.418947,4575.778376,5977.839317,10012.79569,1568.340915,3964.058706,2850.270312,7403.353225,1774.5167,2025.193677,3647.191358,2740.377179,3057.958994,4394.601702,6401.21032,4208.730224,8310.258863,5740.554047,6872.095439,445454.6195,353028.97,338916.3677,1162178.83,648858.1003,1322857.043,1832617.597,3913787.543,920178.6454,2291919.487,2816580.222,3609990.555,1700817.625,2670181.611,2631267.641,4318932.153,1096025.302,4261878.559,3800868.553,5459197.359,1516901.517,7696377.386,4546661.181,11485253.53,32502.82725,5338.386424,4960.642136,26012.28848,8648.208441,46136.8683,59514.8011,225136.5652,38513.08893,146144.5378,224021.4021,328201.0699,55117.41215,205295.0838,224986.5168,311219.556,112390.2483,112730.1189,116356.6737,589539.4207,319255.1479,188305.9704,325927.5128,426059.582,4324.896068,3126.548362,3249.480019,4655.377271,4795,222.0774321,6.656779508
"3401",831645.1545,1527097.36,666721.0891,1395201.193,1129106.16,2942418.569,1847528.164,2000539.538,1550118.068,2515856.441,1889595.394,2920817.937,905012.4204,3026808.336,3568304.606,1259274.932,3445021.641,3796752.345,5096429.346,5140139.932,1594100.787,2628234.869,3831641.437,5958.638382,244483.4153,165899.6705,300251.9947,766482.9356,1745533.812,1788611.061,2044788.044,2206151.707,2489310.632,2197292.895,5594762.638,3243693.043,2397185.992,1832838.639,1596095.721,1929032.869,3099009.01,2235477.582,5109579.72,1542991.803,4668822.491,2284322.238,7525003.783,338608.8594,1070095.668,437502.5815,383758.8808,1302169.54,2058616.568,1659974.603,6366919.391,3064798.89,6440523.077,4067612.313,6706130.421,2059021.394,6609273.305,5540462.28,5008304.718,2808677.056,9382472.825,3944801.273,5698644.071,2972504.382,12110477.19,7266028.774,9101427.487,2481.004169,0,1717.812158,2558.712781,5284,151.0614187,5.627930966
"3422",81660.59834,204690.833,327955.0594,684128.1892,90857.39323,430018.3199,395508.1838,274664.7482,91931.6257,106284.906,978629.2749,74805.38891,143820.5846,211742.0729,179716.3595,140066.182,253122.7663,194956.7842,116410.691,108050.6854,86691.21093,174772.2215,348731.9877,15468.79855,100287.0289,134904.0912,250019.6122,46014.9619,1093002.049,2220104.634,461698.5337,85236.90837,1646877.436,898716.7923,2154646.262,30177.45479,1815941.837,1506552.074,254912.1177,17999.80802,2970577.297,1535983.267,2857866.229,184510.1774,4440111.849,3382863.845,314336.8639,15058.37326,113940.1163,627131.4355,139387.819,82923.56413,275788.7987,676639.3029,406003.5968,562205.4174,473991.2387,641821.5073,95349.22939,73414.01517,571916.1316,870062.4012,219420.3292,92064.53391,652611.86,298643.1614,137843.475,16155.36618,646767.6344,911070.6521,41668.31889,0,20276.47036,0,24816.75342,5333,300.1351618,8.286826058
"3481",50967688.47,270203.2593,13967982.97,19950986.4,205635.5016,78220872.64,75731443.22,62481884.69,170665.8209,52370539.6,64838141.94,45130667.23,211222.445,66937132.97,71370433.4,244853.153,73412241.93,56587585.67,71919875.46,121208955.8,108121.1788,69256742.44,55660215.67,4037707.062,203131.2201,2280481.539,3757531.998,194522.5531,25208062.39,15309627.95,67392257.27,16841111.97,40577787.28,24430449.83,36631037.54,11528160.85,25910604.37,12473580.8,37380404.61,326186.4352,28351822.88,10953868.13,56662619.99,175889.3244,382259.9448,19455277.42,22125355.83,11073363.99,12779960.02,1787476.219,4231293.905,76818399.99,589130960.2,495266478.8,837979387.7,336660584.1,1018924672,658474895.6,411026638.4,165263871.8,2075761720,956239129.2,974009963.7,177552342.5,784241861.3,1120940999,1732210735,140181269.5,2151643571,1974046244,1517767497,269567.2672,674400.7199,550721.3263,173211.6731,5465,146.046123,8.412243532
"3538",25934.09577,3586.077444,6313.917819,4660.956121,20596.35633,85717.88511,22371.73439,25790.276,18739.89391,8199.10658,22841.89317,6867.225961,67074.04408,43632.54456,25461.29675,30209.68671,5779.192518,68567.95956,29149.37507,17030.0928,13826.61753,272799.2525,15250.67361,202880.7843,218549.955,89913.07564,8223.750893,280678.838,737496.5668,542656.9561,472656.7968,439762.417,999703.6525,784664.4452,1032791.493,636821.6397,1004602.299,936581.218,458529.4508,855858.4339,1383637.788,1453483.476,769919.4792,970811.0221,2863707.564,1021425.255,771003.0627,43321.42888,177695.1479,154855.9174,54313.03301,237966.2776,75306.91188,200868.9802,553018.5803,141099.2364,1299575.234,314138.6471,353934.5238,196081.2962,734774.6575,2177448.672,137012.7308,91563.18416,998137.616,44978.66112,448776.1531,113325.3431,43930.7056,1155248.523,445220.6673,25059.33788,13358.81145,18671.85845,16980.95673,5600,187.1089992,11.66178093
"3922",350157.0374,386113.2728,295906.1518,361159.149,654339.0449,3235657.846,2690374.99,1671869.312,1057617.431,3592438.403,3504912.239,2786286.462,823836.5891,5046804.344,7093069.561,1291710.978,3065715.92,9281740.548,10862121.99,6379464.788,1653150.348,7710822.937,10779071.12,41096.40688,209997.154,205342.644,82131.86762,171104.9556,925697.6088,757133.4114,480953.726,644218.6847,1417447.39,989853.166,2106615.716,1109389.664,1820371.802,992243.1112,467383.5171,813477.5005,2963012.31,2492692.288,3178514.015,698573.6828,3487839.441,2950341.719,1969827.927,707482.07,5099941.475,3478585.205,1679832.087,10096535.69,18412257.93,20605663.14,31230420.62,23214267.25,35784478.61,35669390.05,23392777.46,21715414.8,33225238.43,42500237.13,22926113.37,29555675.7,35285134,51070109.77,18964709.91,23514401.11,54996372.7,77456163.09,36871069.17,32359.93998,482131.6716,363774.1406,714536.4558,6601,168.0668129,1.943328359
"4225",110418.613,601205.2388,192263.284,153970.1823,1403415.412,9719933.637,6112649.585,2388731.798,1937724.958,3722271.293,7729211.276,1584884.523,1822463.892,5541665.166,15665463.05,1109842.159,2046644.279,9260213.199,13629849.25,4502784.739,1589656.174,14641157.36,10590339.9,4887.806119,121787.5527,23591.97499,0,15096.33863,250400.5247,200134.1422,91485.38349,19567.80984,303260.1975,334305.6599,79343.73936,18392.71815,630813.8346,368530.039,54685.19133,13919.69226,904854.3235,588074.5222,64483.6499,174985.7161,876546.0487,583742.3355,9779.396262,5921.586683,9445.244396,16426.63065,0,14335.24106,150951.8037,130087.9724,401721.6591,22503.77878,268361.5996,146041.0724,283319.3471,15750.02062,529722.2041,210783.2287,204216.8456,86536.83671,338189.7645,304375.7267,19849.92113,26331.3237,720759.4598,542318.1886,388748.2306,5275.580095,9691.071936,257268.1889,7214.250189,7508,231.0989216,11.37508393
"4231",2360618.116,101957.6082,256604.3649,329982.3109,3927990.473,333543.6965,291698.1752,11772327.94,5559734.279,474130.8482,464098.1706,17539677.24,3233835.764,496274.3155,822386.6533,7203489.86,9442395.59,742364.9752,378572.3015,24278828.43,8562130.343,609173.5002,491709.624,7843.103091,61877.17171,9671.141694,51300.36505,2916.550494,151322.7469,265127.5361,93701.55595,12035.4796,167310.9786,111357.8744,20844.18817,39136.54801,115497.5696,83148.09624,9622.479911,27614.78215,251715.8547,15229.85057,9378.559607,8855.492837,197627.7753,28255.533,9225.480325,15544.27391,85080.48293,49130.57702,31176.55139,4111.472577,64020.46837,111649.5453,169504.7758,14445.54255,30614.38996,228927.9059,315969.6054,53223.43467,27959.88201,128315.2166,618530.9915,195999.6496,118634.5669,259940.1706,287204.4228,48139.141,110158.9439,422516.798,670541.8918,0,2286.588248,1795.197288,2313.5206,7515,267.0665995,1.41579557
"4614",289942.3783,616298.6293,825918.7416,790891.7036,658552.6342,2373270.827,1857309.667,437944.4294,924427.4152,3857069.957,2767121.273,2915131.435,572948.7462,5650585.002,4732029.305,1199720.139,2435971.39,8446301.522,7805488.345,1242867.313,1588610.264,7329510.259,9010146.283,2192.199962,65378.4528,37935.37365,12088.14493,139184.1121,787930.3514,843241.8108,554856.6978,291960.6657,1634330.843,1333503.764,3054718.342,937537.267,2567276.692,2415990.041,618445.3501,1206008.782,4012948.512,1366848.8,5842030.875,1480498.799,9120703.265,4183206.926,113249.7006,21028.25604,312811.8615,207351.8522,178097.5385,342383.5686,579569.9574,1017798.699,1319831.659,822650.2853,1594742.187,1940320.412,210003.4757,525088.6373,1720728.231,3030983.133,252400.107,722761.0866,1885583.268,2788438.464,1088820.09,940028.4868,2165937.555,3106767.722,1449059.112,0,2436.434221,0,0,8823,243.171718,5.384277285
"4616",6941.273682,2494.996033,3229.537994,8506.772708,3657.332344,2365.282502,2356.934381,3460.972209,3501.655416,3865.172018,2154.382558,263547.115,9401.711831,3577.966723,5922.0571,7863.721256,3918.787333,2915.723553,3738.314514,19559.99448,10567.09971,3288.591891,6123.990793,8186.086343,32946.38775,165074.5897,130857.3121,508543.7946,605624.7686,348640.6537,911468.549,766721.2868,749659.5963,1329115.118,1267795.01,1912011.527,639059.5425,1411968.835,1068870.873,961343.5003,878216.4907,1003042.385,1780457.625,1135162.961,1437003.057,1648992.665,3400792.664,540481.1103,603859.012,1327788.066,771302.2507,1170758.894,1223815.805,3869414.382,5564550.533,3178142.62,2497743.445,3195515.46,5081657.427,3016463.402,3264521.974,7229742.164,3973603.865,7460092.909,8974458.519,9982321.642,6235511.795,7306946.316,11265247.73,5404429.998,7327731.363,5810.577817,4186.891832,211833.3415,4448.113796,8829,181.0508689,6.588919435
"4657",118132.4235,349346.9214,197442.5651,367093.3226,503611.8976,773254.591,714403.3761,429127.8888,511713.4963,588140.5013,732465.8584,574179.4218,264458.3522,641953.0468,1096296.028,262895.9954,656820.6348,897899.5527,1853625.755,952015.6889,447313.0817,750343.2153,1174866.42,5148.090985,70019.0882,74542.77809,54254.27297,178370.857,502559.144,418945.2991,332823.9714,421201.6925,742726.2045,624529.6679,1114197.435,623203.1337,845172.4663,593391.3618,316573.4264,637204.1396,1026306.763,1381450.499,1105261.055,567459.0861,1357501.829,644055.8589,734630.2942,89798.115,293178.0486,114337.6118,12020.1794,463061.1262,906975.4547,985509.5752,1539769.221,575673.8488,2355472.768,2551920.009,1482209.995,249158.2294,3000662.604,1548588.381,1070480.891,455465.6963,1614801.89,987374.8512,1860889.412,1210694.466,2235266.273,1467200.25,1600385.847,5811.335153,11253.84751,129578.741,7098.010918,9005,88.04028631,10.25115457
"4684",9048.888695,5230.122404,19469.25023,7653.349328,394184.7111,349859.838,221420.1386,322392.1972,38356.42426,133381.6734,297748.7807,324593.0806,223604.0872,180630.8631,625820.8526,29669.50002,530516.0126,300663.8015,1061798.792,854353.3572,325523.7315,302055.7775,508659.577,5292.681622,54280.44109,130925.01,154048.2554,4904967.083,1632611.221,1761831.543,5338168.717,12219657.45,2511117.846,4667996.645,2896187.96,17897709.93,4853537.265,4340700.689,7671750.109,14266117.55,5047496.706,4035893.774,2785708.285,7174830.898,2873318.998,2785510.565,17109603.74,4871.222917,81551.13554,5255.923407,18540.95703,39666.27456,480697.0885,571698.5735,843257.8332,157239.0698,744639.877,493170.11,95024.28296,83925.68087,96140.08432,61308.9503,64073.39968,276533.46,792257.7295,653809.2069,113399.7934,97171.66425,151277.9521,158492.7455,143333.468,8983.571943,7415.030687,141429.0914,4345.215923,9142,118.0512073,10.46564362
"4788",62684.00926,850844.751,32502.44021,262208.4959,234339.0742,796356.1213,86977.90384,87128.78546,29935.68029,81649.7759,889904.0205,669637.2127,34889.21239,54706.28389,44982.11259,70993.1647,106784.2016,971803.4981,82898.81932,145514.1456,51333.5916,69475.0144,1456067.058,34873.02531,233957.0904,66804.96447,140995.7822,178775.8201,1879203.544,5144705.976,7345917.257,1962099.913,5905277.005,4580977.907,32443570.39,2064069.143,11726110.92,10117064.01,14641473.39,3848567.572,15521216.31,46922647.7,61786529.12,3791676.871,55744501.85,43743118.27,70748960.35,70470.31288,2465444.018,1071585.818,103312.8335,147136.1964,2260437.61,3587593.389,7534430.738,926375.0446,3733377.556,17119821.79,1990181.334,2362980.696,9571417.706,8872184.075,687118.6612,6687594.647,7172215.28,5971578.54,2084680.525,9452740.025,13551987.55,8571870.629,2702842.825,12606.79025,6372.100445,48255.57855,66309.08787,9510,153.0194308,8.558253993
"4799",658556.8298,1500894.736,409260.2777,643862.8422,1927409.732,3934145.488,2947228.698,1429771.146,2145000.241,2528485.861,784625.6738,769137.6689,2053210.159,3322909.215,2713621.85,2632917.306,1438574.186,2815900.367,846499.0112,4446298.851,2488300.279,3346708.833,2526300.075,100912.3586,46478.05739,44393.12147,551605.3219,1262104.982,2033399.227,1144780.932,2324670.92,9296517.301,2050982.39,1592792.017,4346068.599,7406896.329,1485536.154,2424721.63,1398969.618,668446.6217,1650015.774,1838533.25,2978315.139,617465.0815,1628720.825,3314870.758,7572147.187,328741.0313,544454.6128,175509.1661,737082.6479,2961676.087,32720437.5,22699524.56,39795360.02,13388743.71,55396983.8,29699467.84,36610313.31,5939445.296,127303838,56342766.01,36614085.42,1710239.184,43427564.04,54222292.4,72662619.7,4592339.339,124770315.1,101175910.6,55569085.22,90033.93747,285255.093,107400.1472,122105.4872,9523,116.0355109,8.330685933
"4835",118546887.2,261585414.3,126070400.1,347417489,518909632.7,727344120.2,858944444.9,667739616.2,683176309.4,556518986.4,960260786.6,597040527.9,608162468.9,634834862.2,1104500835,560573117.8,1201689763,989505137,1226566815,1320877833,764985313.3,839277693.3,1108702551,356657.3765,296349.2116,557957.0402,753114.2007,3501213.744,6292883.457,4978237.603,2064823.016,214251.7797,6239628.732,2482256.284,6367578.547,4744247.061,6371005.778,268704.3257,3617982.183,1712965.293,5943513.415,425650.4477,1688682.631,1185705.232,7969675.736,1500346.494,13165390.71,253422.5125,7437165.405,413710.9149,2160687.111,15547622.49,17747430,12089900.17,24319087.79,19315750.96,13438082.59,18218683.16,34350480,13861373.42,23227646.84,22560644.33,17116985.03,25625497.07,30973363.41,32615088.17,11008974.68,20414655.22,42921854.26,14485952.79,34615902.36,1047481.519,370827.682,327494.824,873466.8589,9564,103.0039376,9.437833305
"4885",281479.2823,460000.0021,235626.4399,467725.049,516290.5754,789516.2596,906797.8868,938566.4067,726486.9795,686251.588,832041.9091,1255336.183,667913.8067,713310.5212,1277570.919,589158.7589,1646348.262,1162849.76,2071379.814,2364474.21,837579.4499,1027094.012,1673957.229,5958.638382,47153.75007,56334.51226,77711.36115,325856.8137,74081.30275,65998.89546,176762.9329,384221.6188,145800.9083,91810.67368,324145.48,3327581.532,126726.5991,124150.8841,335877.9633,130865.2243,3099009.01,345481.5557,762448.4513,244805.6983,4668822.491,452614.1074,1307748.96,1408592.602,4286985.241,1872844.801,1637428.445,12130031.13,13146422.07,14607057.85,43283992.46,33547446.72,42625736.9,36115896.48,46983116.75,28239206.55,44133379.12,49385514.68,33586038.93,47484587.96,48713812.08,51191233.11,42910815,34808893.99,73751619.74,74416639.79,62435306.81,2481.004169,0,1717.812158,2558.712781,9627,151.0614214,6.277837776
"4886",2078.292239,0,3215.673879,2526.986628,2889.688912,27875.81364,19776.80061,5021.581923,5161.722277,14951.98206,29474.80273,3963.775974,1492.648655,12299.73891,13975.87131,2279.589343,3164.568347,52562.97267,61012.76602,57486.36922,3078.918681,61464.67929,87005.79782,11680.09761,211142.1226,101387.1775,74393.92646,140843.1891,241481.8892,180115.6353,193913.4998,88042.58921,281542.4892,233296.9395,832263.0427,139502.7645,322240.9527,176204.0273,78654.99542,54495.53941,414953.5117,368168.0072,794390.4253,41693.67275,584828.2208,232566.9483,390664.9509,820547.9022,4465235.132,1703147.767,2168805.52,3476924.286,9553081.487,8753415.311,42341042.64,9717179.043,26561284.13,29387255.37,17222628.49,10953232.69,33036529.83,39141071.48,17042352.58,18472483.16,59090745.77,33099060.28,18501086.6,18254497.64,46385305.85,61020788.67,28167308.56,2132.875015,0,0,2249.665065,9631,176.0388285,4.974862592
"5037",70800.99547,196944.542,97187.87304,160936.0207,137715.2253,408962.7365,285846.3944,272372.522,190011.02,310198.386,312474.6614,365348.1988,91638.79628,449809.6952,542599.3366,148343.261,419438.9439,854235.0265,931450.0907,762118.1924,213334.1171,629029.6968,776322.8153,1955.135342,3124.950928,2292.659222,2027.1235,2285.120232,9594.172019,32804.70987,35877.64967,9954.916282,63420.37286,41055.80186,161442.0538,7636.644091,90026.3123,43570.32025,26448.07537,14407.68947,128727.9666,55295.40172,136609.585,10447.77905,117884.72,55084.39094,135223.2779,607152.8008,2502263.323,968946.7574,708934.9116,3602512.584,4710936.381,5025099.584,12793501.39,9183719.894,10856815.92,9956703.97,10100647.62,7348208.786,11593166.82,13219917.87,8690775.19,10036148.77,14551694.19,15218450.55,9796472.708,6355412.556,20474938.3,22609167.58,13979431.3,1504.304305,2198.950708,1670.631488,3652.175617,9837,121.0508322,4.573796294
"5308",3210905.32,137921.7123,3171789.836,5160809.238,1385901.216,7096090.128,6171372.741,5307305.956,1835028.447,8643782.308,6610165.588,9896882.638,1047995.442,13623350.25,12765280.93,4318836.241,4702912.855,18786175.84,16062693.14,19336758.73,1883079.542,13467398.55,16246157.1,424101.313,160704.9641,371805.2454,336612.3022,631333.9786,1015409.444,861447.9544,697655.5812,502545.5883,62829.69237,992621.3964,1124811.897,1106377.847,90097.3303,1142953.075,485384.6306,1114742.883,1033741.533,1254356.99,1403479.793,960140.3376,2592627.12,1102288.843,1193353.065,1131457.975,344225.2738,330749.7322,1190193.595,200072.1511,231459.0852,252639.4782,5086372.977,2166592.571,256650.0278,565178.5056,275692.5211,1369422.469,485584.1321,539285.3566,787933.7381,1636227.918,258093.4361,364267.2318,1753712.919,1490629.627,266597.3591,451657.1859,447562.5421,549659.3869,7935.256237,77489.38941,20730.73274,10281,147.0454227,2.007434012
"5408",1897.617158,0,0,0,0,1794.411363,1986.790938,0,2116.189689,2897.672156,0,0,0,2756.354764,0,0,0,2786.885087,0,0,0,0,0,0,2752.953377,0,0,0,4210.930482,0,2009.12007,2786.395335,8864.724824,4835.145795,10961.04061,42326.77039,11498.91785,2910.954042,2173.861264,134159.4253,55705.22357,37575.1898,128658.7479,215379.1724,45636.51969,45541.67328,129784.6912,705541.4114,1963150.788,907811.7916,537008.9683,2424615.9,1726137.181,3313600.943,6572164.663,5549059.094,5599199.416,5677981.182,3738054.422,3190529.979,5553035.342,6681802.405,3323742.075,4683665.519,5735346.304,7445324.428,4227482.621,3460492.09,7824454.381,9437109.939,5077202.917,0,0,2170.288092,0,10460,226.0837317,5.341918598
"5419",67769.84666,181725.6146,424408.3913,2209375.829,47738.3498,447482.1529,84009.64013,138911.6045,183021.1618,369582.3754,216304.7469,422197.2175,143064.183,299483.4019,417869.3852,114035.2124,69364.59734,333908.7589,262773.0301,122563.3121,118302.6133,326999.2972,2210332.883,22148.33588,176456.8404,2206035.921,2064635.155,60169.98435,204158.3771,279976.4079,48943.91953,166237.717,120732.2197,437292.8843,2147464.643,210887.2984,1310279.599,488125.1446,41648.71078,40883.58392,1411473.37,342939.4872,2221187.92,67623.08213,190267.7727,386418.3885,272682.5668,76151.89249,517621.0541,314568.5836,82094.61686,5578269.497,2667002.643,319890.3156,1305303.797,11473291.96,4747915.981,3296221.934,3168272.765,3572507.119,9364598.582,3454343.546,1369247.534,16253612.58,9505856.231,2973010.192,3553568.238,9114485.392,13351564.67,7454586.071,4120203.294,10425.01424,27071.45327,5539.601182,0,10483,171.0067487,12.26391512
"6499",356114.3113,264468.7055,452683.6425,1133620.881,259821.421,114770.3611,614847.373,706094.0751,318124.2463,433000.7832,526758.9208,965747.9151,219872.5546,643205.9832,910783.9413,434514.7758,729094.8485,1434303.61,1119332.866,1127869.833,508440.3559,907790.1523,1201593.746,8268.809056,39118.08204,124521.4088,116257.7104,13251.76631,116644.6608,42760.95714,205983.9509,111695.764,77724.31553,40297.38607,427009.7119,211507.2889,84978.21143,93655.40196,121755.8792,203591.3072,140475.7562,293254.6467,425731.7819,270731.6339,209136.8816,114651.0914,345196.7631,103720.89,141992.2388,38656.27888,241835.6798,135996.8908,98326.51484,194013.0962,585845.5892,172727.2234,266867.4252,268154.1299,272982.1359,21857.93808,250839.247,198797.5712,241961.7945,152807.3304,237230.8142,196639.8264,316392.8718,104063.453,217992.1054,267485.4777,241880.3903,6564.010781,3435.085927,2315.224938,2668.996129,13080,188.0355249,4.56597126
"6684",14406.41816,286196.9943,90399.67095,21655.98451,103517.2799,619359.4338,285944.7833,31844.90138,136352.4059,578574.0065,364324.8931,113104.6845,50135.00463,566508.9509,595466.688,83323.14095,312088.8296,728232.6784,533831.9681,284735.6087,201864.1635,506636.9256,643635.9176,104678.5223,0,2127.704228,476641.1973,1374990.895,12855.35097,49278.64609,2175635.704,3585479.12,3408.798737,2206.891911,3620.701992,4596096.26,0,2481.648848,2424483.027,3522996.533,9088.365206,3107.217261,7588.488055,3591103.22,104851.5713,3017.608951,2812818.288,57851.85478,50999.38849,81891.54755,27503.99552,695718.2094,38747.58873,146870.2366,165460.7973,2152126.958,245919.7564,84858.25919,1779199.379,2526068.719,179665.1967,290342.6098,1164838.129,3669486.629,245852.4852,305296.9717,1160790.952,2823382.661,269029.9585,423689.0235,1344059.276,1829.877069,4314.120812,0,5520.386315,13682,197.0497801,5.958515276
"8880",97945.1087,351256.284,73088.07668,184367.4368,257377.6409,626211.5099,314861.5704,237822.9679,320572.6883,483129.2091,325154.5747,317369.451,183552.9547,433396.4127,905804.8228,198078.3212,542399.5446,1051355.457,1197890.165,746765.054,315328.6317,651285.5327,1232136.681,24642.70134,3605.198878,2899.796499,6215.500751,12559.60284,86216.59846,43824.2081,69365.02199,73905.33656,155591.6044,232917.6347,58214.23461,196241.6274,306487.5254,270159.6847,89581.87651,175343.1279,350833.2886,248056.5319,312606.5224,130794.4273,716535.6156,296293.4643,328841.9423,6034.97373,23103.04179,10210.8435,3141.184846,102143.5232,0,0,3774.151875,195700.4731,0,0,4134.7335,144227.2037,0,0,4420.50056,208027.2741,6096.770561,0,76827.56127,224850.6333,0,22710.22312,15279.90721,6361.641612,0,0,3456.115859,17064,163.0263782,1.906578038
"9015",32737.01363,74390.81565,22744.02639,47026.19824,63709.51029,109394.9904,141160.9637,79995.25362,25850.70208,49840.93076,76180.80091,168590.7798,48482.3384,144556.2797,55288.8369,51729.51206,135546.7187,213358.2416,142333.9971,186690.8892,57827.44723,54685.02617,68120.11383,11326.61715,19413.00067,12356.43301,51577.67059,33591.83131,623143.417,787283.6196,1196282.39,65950.5063,727822.8517,925671.7012,2762150.45,69784.68509,1025780.647,83895.48173,933001.9349,535685.4029,2041307.95,2355167.021,3713157.662,451942.9115,1910991.08,1666889.526,4377127.626,8924.470742,24768.7218,19242.26219,101387.3714,42651.7713,57894.70562,18244.09259,508498.3681,83405.48188,375494.203,210851.7836,50196.74076,31452.12543,119074.0156,428517.1808,83660.3078,40894.27596,48884.15746,172734.1038,13710.63179,119019.6344,26125.6199,122855.1772,61664.70851,6776.092845,10642.21074,20776.10764,14737.7753,17316,152.0355677,5.413343603
"9253",61250.3959,89587.62522,136295.7179,50371.62285,65808.38407,120585.175,226716.5119,337427.3562,45353.47485,187757.1883,286973.4692,141159.8764,21191.42935,227531.6009,487846.4457,225584.1236,91966.08607,270662.7527,769025.3327,1037603.498,34799.63264,423233.6967,996153.9437,13513.12753,19482.26533,10698.14349,99270.13211,16682.29395,10177.65593,11252.51114,9898.209254,15141.03989,19882.04056,81739.53657,25519.16669,30773.81447,66173.02619,71493.40427,10868.55602,25244.05922,118502.9994,45710.94744,243907.0582,30771.43204,116329.4834,80299.98629,23947.01893,13533.9301,19264.2323,11437.7934,51289.8686,10640.18799,42247.51836,14861.76785,102646.4531,14704.49472,183300.1759,328087.8273,72497.06946,57175.79883,243187.7531,226588.8957,76251.68182,103335.4731,112142.3549,79365.96767,310544.7121,9916684.628,170518.4249,98217.44231,60475.07386,4642.927079,3860.411633,4126.850335,12783.84999,17815,110.0249179,5.273322767
"9281",6793.810559,26410.93696,26132.00946,32530.63978,3313.795497,10562.42168,47159.59731,75612.5672,6356.950369,10613.98748,117085.3826,32281.02753,3023.239189,48053.63189,20484.76566,21907.77952,16860.98001,127169.2096,132038.7242,94878.33131,9760.379824,418827.4265,192904.7175,3970.234283,0,0,4134.252557,2431.441661,14309.7127,21565.83483,3362.053827,17626.52584,13654.34031,15222.14844,13784.62573,13526.71188,9801.580598,11206.40492,3548.519044,10485.77481,12202.16506,23506.31617,53135.2248,3473.503255,11854.85401,17323.03412,30614.09698,0,0,2774.345569,0,2275.353923,0,10929.84666,5019.952929,0,17456.13535,39348.32941,4409.512612,0,70703.68265,18528.28213,13782.25892,2325.290671,34597.53143,61895.96237,10716.77034,14773.62041,30184.88684,25007.21608,4239.062393,0,0,0,0,17873,276.0884691,1.892138544
"9473",3572.464341,4495.939166,6865.009405,8962.171579,4610.646966,6367.150405,4071.725846,10052.76286,3952.846027,7555.810311,6411.862359,5585.87439,5054.226027,5993.953653,7178.527424,3450.945487,26559.35011,82539.8133,9168.720808,6407.568143,4236.963563,21753.78549,9644.900155,3144.875813,6110.618901,13003.52198,11504.74796,145955.0858,538423.356,363692.4191,294609.0705,857886.5101,983461.3342,399348.5365,1033864.528,1195206.076,1046314.775,538472.3548,219558.9319,1055344.647,1468660.924,1011568.901,918842.3366,841323.0413,1592901.145,697899.871,1311085.663,4226.465754,7920.387369,4190.898853,5328.315466,12713.88879,7556.53607,93065.90587,21802.48335,16985.15407,22790.12037,116773.3719,94820.79757,6162.277877,315351.6688,212289.9504,10719.69045,8430.226426,173964.692,263919.8328,6023.024401,14423.17808,315221.649,307615.8001,8202.090531,3760.236211,6226.738789,4713.196674,5995.277356,18338,116.071892,11.9920619
"11337",22723.5384,40667.81395,63102.00825,37578.06765,34625.73672,22402.63488,31975.69032,142378.2131,58881.77863,85299.9562,29856.84767,137843.0374,27903.60969,43542.58846,130586.1096,50346.15237,103475.996,35237.09114,310284.5439,118571.8648,38765.57326,26874.72896,392451.7954,680915.7778,4373146.235,5197550.243,2822539.2,2880365.244,8552150.571,30082384.69,3106253.475,8409926.475,22003352.02,942889.0569,40405715.68,11090661,1229812.31,886837.5702,7519631.551,6135634.721,1813816.959,1590455.522,40702616.9,6238665.299,3040022.268,1442835.19,1895014.716,188354.0984,97790.74609,2256957.495,131179.6755,217006.0089,251617.2612,248237.4933,1967976.134,671455.1722,4303882.534,2347631.081,421123.9373,931536.9633,3087445.826,17861853.14,480707.9524,1887728.913,1057615.968,6829123.791,992538.8715,3848977.987,5517083.769,3043895.898,1686654.002,27312.96707,170608.6372,71342.96875,15503.75967,24645,144.0668702,6.75624453
"11430",0,0,0,0,0,0,0,0,3061.816443,3680.290128,0,0,0,0,0,0,0,4435.202808,0,0,0,8037.919179,0,0,0,0,0,4594.725132,2693.903065,3450.201353,3632.53417,10035.10626,15273.17984,130444.7446,160575.9158,95153.00543,269153.2106,367301.4801,130263.8195,286610.9715,411960.4538,5952553.364,1075323.261,475668.1577,990421.1023,1062907.524,942080.9754,0,3475.061551,0,0,0,5214.615243,0,0,0,0,0,0,0,2813.077227,0,0,0,0,6390.665449,0,0,0,0,0,3653.492111,5345.626803,4449.324177,0,24851,344.0409024,9.405581647
"14156",6912.805531,10395.45483,27886.99868,9829.668703,8787.575014,150673.2118,120953.6995,42580.97734,11728.67391,206384.4384,129608.4739,138524.7939,5300.898348,118788.0678,139451.9882,24922.93895,26191.26668,170994.6893,102378.5763,59667.63019,5680.01948,55117.58977,76097.09864,7748.155946,8937.459644,45010.95057,16167.30416,64514.43943,272145.3052,119795.0159,44539.31759,128329.2084,335501.9469,132456.2459,244228.8067,126517.2883,217360.6949,168175.5873,36523.88755,130877.1978,293707.8952,160563.1091,226378.2306,170173.263,368312.7639,235181.5489,220663.8227,49266.95311,243963.8351,292261.6076,50350.33079,695013.8859,113009.3942,317808.2176,338903.5675,1378741.142,402782.3912,1105381.732,96210.52957,1840436.675,730054.71,1364921.438,29305.27668,2019822.108,132904.3488,1249859.357,131889.1703,828032.4301,769685.6547,1059478.321,132458.8106,0,2320.459683,1756.196047,2016.390733,35289,173.0721817,1.302144602
"14201",34474911.49,103160896.4,74016824.01,90069698.04,97754528.92,200894803.3,174388722.7,154932239.7,133247540.7,206235452,213183083.6,200534173.5,72016801.05,296519608.2,366948632.8,95697816.75,322923541.9,469355183.4,506339161.6,411044963.1,157569790.8,371803071.7,538085722,8065.254455,38881.95136,121233.5633,13595.35609,752979.1512,2322244.785,2109575.437,1333125.001,4330792.165,5748964.789,3432751.942,7933265.02,8815002.681,10618547.52,5021755.87,2336447.466,10586711.08,22234934.34,23123900.34,17370903.11,13459717.7,37536561,17215545.25,15105248.51,23186.75409,83152.3887,105829.8153,95711.17584,23764.57496,31056.64505,53250.38086,174192.4014,12265.31204,65630.2877,173578.8183,140412.7794,37597.06374,128590.1915,260916.5687,33598.71878,68245.66305,137066.6364,57542.55913,181907.4447,221370.0293,234431.2099,131697.9419,68049.8315,4983.514056,17418.39396,4782.579544,3762.418433,35644,182.0461373,1.246749796
"16465",23256.15253,275552.9051,31347.89876,234618.5011,20460.32227,195527.2524,106078.3802,138764.9325,24290.49759,861227.9711,158180.1055,73608.7065,92753.08546,1580331.103,1005044.768,67971.72078,29249.17704,294791.9259,401838.0178,502083.7791,139368.667,864119.4721,767801.3371,29200.60626,225404.8454,1715004.752,64911.37747,658821.9626,2931879.98,1100126.923,395965.5286,914059.9351,4017973.321,1598177.267,943923.6115,316100.1849,947029.5255,858718.2462,171741.543,517923.3708,2078613.907,631470.2978,2852721.477,1044645.78,10211787.74,491364.0275,178883.2396,1441082.036,38245257.6,45617343.7,5013870.181,4160323.098,9882792.886,15830662.54,99359721.62,40248703.43,60451374.36,39616960.47,24085199.64,64999251.18,23983435.77,40432612.47,25804023.42,72973709.51,257187417.9,24098718.04,38241344.46,120213126.1,33308813.6,130683667.2,35348470.7,56766.17731,696828.9727,115613.8695,265931.835,47791,218.1036571,7.176045331
"329",7475207.492,15878017.54,11879815.37,12797634.41,11776193.58,13854835.4,11904099.2,18350327.59,13660522.31,15088357.71,12523559.5,20974028.6,8833073.94,17477872.2,14669765.49,9665814.199,27554146.72,17472835.78,14273175.31,19843480.66,16950087.4,14425922.95,13442719.51,5264592.593,16775938.25,12975848.1,24998225.37,12864966.64,13413903.98,15457576.18,22952778.93,21391550.13,16591640.68,12761317.24,13481953.38,23790667.65,11432492.44,11953688.01,10259856.24,17034993.07,12791200.41,11902021.57,13915108.06,17477884.84,17444553.54,10386659.39,18525585.87,4530186.563,18589097.26,16537758.52,18332034.6,16595527.34,12185900.16,11838006.94,15722443.26,21371356.48,17870618.09,16403700.16,17858024.73,17388316.12,19244039.32,16366736.63,16167999,20728090.05,19666989.45,12110561.69,12755431.09,21434037.16,18494066.74,14796299.21,17491261,32293948.26,31624664.31,20740903.38,20642340.13,363,120.070094,8.966403115
