"ID","MZ","RT","1mem_Cv_12pt5hr-2","1mem_Bt_12pt5hr-2","1mem_Bt_30hr-2","1mem_Bt_25hr-2","1mem_Bt_35hr-2","1mem_Bt_45hr-2","1mem_Cv_30hr-2","1mem_Cv_25hr-2","1mem_Bt_40hr-2","1mem_Cv_35hr-2","1mem_Cv_40hr-2","1mem_Cv_45hr-2","1mem_Ps_25hr-2","1mem_Ps_12pt5hr-2","1mem_Ps_35hr-2","1mem_Ps_30hr-2","1mem_Ps_40hr-2","1mem_Ps_45hr-2","1mem_Bt_12pt5hr-3","1mem_Cv_12pt5hr-3","1mem_Cv_25hr-3","ExControl-ExControl_3","ExControl-ExControl_4","1mem_Bt_30hr-3","ExControl-ExControl_2","1mem_Cv_45hr-3","1mem_Bt_25hr-3","1mem_Cv_35hr-3","1mem_Cv_40hr-3","1mem_Cv_30hr-3","1mem_Bt_35hr-3","1mem_Ps_12pt5hr-3","1mem_Bt_45hr-3","1mem_Bt_12pt5hr-4","1mem_Ps_25hr-4","1mem_Ps_25hr-3","1mem_Bt_40hr-3","1mem_Ps_45hr-3","1mem_Ps_30hr-3","1mem_Ps_35hr-3","1mem_Ps_40hr-3","1mem_Cv_30hr-4","1mem_Cv_40hr-4","1mem_Bt_12pt5hr-1","1mem_Bt_25hr-1","1mem_Bt_35hr-4","1mem_Bt_35hr-1","1mem_Bt_30hr-1","1mem_Cv_12pt5hr-4","1mem_Bt_25hr-4","1mem_Cv_35hr-4","ExControl-ExControl_1","1mem_Ps_12pt5hr-4","1mem_Cv_12pt5hr-1","1mem_Cv_25hr-1","1mem_Ps_12pt5hr-1","1mem_Bt_30hr-4","1mem_Ps_35hr-4","1mem_Ps_30hr-4","1mem_Cv_25hr-4","1mem_Ps_40hr-4","1mem_Bt_45hr-1","1mem_Cv_30hr-1","1mem_Ps_25hr-1","1mem_Cv_45hr-1","1mem_Ps_45hr-4","1mem_Bt_40hr-4","1mem_Cv_40hr-1","1mem_Cv_35hr-1","1mem_Ps_35hr-1","1mem_Bt_40hr-1","1mem_Cv_45hr-4","1mem_Ps_40hr-1","1mem_Ps_30hr-1","1mem_Ps_45hr-1"
32,112.0509056,5.043217752,502114293.3,2471202.569,4150710.438,5596388.41,3390465.016,4822715.176,1946421177,1686144160,5889493.316,2297512052,2558217040,3092490447,209710812.9,136232657.3,326914933.7,366544698.2,231345201.9,512173903.5,2456284.303,422058946.4,2060208262,6607554.668,1600374.418,4623182.542,11722260.13,2341110076,5060499.987,1839175885,1838983590,1954861850,7866282.375,59387747.18,7346229.658,2694912.337,336619995.1,366125951.2,8099193.044,802375126.3,452585560.2,705397847,662136464,2817714688,2705035219,917267.0697,1232860.998,2698373.731,1135983.375,1529917.559,258427190.9,2991025.445,1003945683,41192.95473,21085652.55,84737832.21,704828443,29898468,5202552.637,171296697.5,223195103.9,1480053712,284538407.2,2454578.471,1521317034,91133387.91,1326814843,340250161.5,5470902.057,1477252530,1919586578,258123811.3,2865680.475,2844002906,298360379.5,185284241.8,233675494.5
60,104.0710915,11.69328789,243884371.3,2667465.828,4105957.253,6348507.149,2871065.326,2420542.891,377588412.6,446052750,7080957.667,441814183.4,423512032.7,70643671.01,42067236.69,13905514.37,47650983.02,110339593.5,13247984.59,42365119.69,2484211.215,167765030.6,423794672.7,1853879.355,2055074.341,5130647.846,5789801.081,406366828.4,4688512.496,390152195.5,446552695.4,428251433.7,6915349.45,9145736.884,6791118.123,8864438.743,53064230.96,71638442.66,9037850.264,73618775.14,114142736.3,104827515.6,60200196.96,106014521.8,293102961.8,7126643.491,2585009.687,2438844.176,10148842.31,3033510.797,118762776.7,4332431.255,169220294.5,6596367.878,4940080.8,62114620.68,174519740,3580521.412,4889831.937,38948652.38,75988816.03,331545307.3,33552179.19,2891464.651,366323725.2,51027522.76,273839505.9,37324232.82,6603937.012,365805661.2,469604032,55585019.55,4945498.651,522151097.1,47476118.9,74182333.8,35923269.82
66,118.0865852,8.166599305,459247031.6,387919312,374734172.6,378588132.8,844608889.8,338585342.3,325850435.8,355135333.4,462268670.4,1012183325,349896335.4,1174370592,1145204798,317393575.7,435048246,650143994.5,399124193.4,432872278,1335121094,1344001006,417814515,1264131930,1213538854,1324993755,880776257,1047399886,571424795.8,1000137289,1170002479,1103345920,388707755.7,727095821.3,397191650.6,1660095342,1650803699,415677133.1,277394553.3,1155032531,560270445.2,1424106438,596210156.3,1681288939,1846146414,713207585.8,2161076831,1031993762,1720352215,2151282375,3545136852,3960521279,2675153552,9619749703,3757706098,2941233163,1599116825,3758535706,3343077505,3826566281,2899443564,2880899099,3020076426,3001341747,2656235456,2601367535,1108711967,3635401128,530090440.5,2992949154,3287804887,3786861020,2197015195,3359280270,3493399089,2214053352,3483145714
169,298.097296,1.759673248,41375860.8,23262317.69,33638145.79,38704358.94,89696793.91,109942033.8,145681751.5,143959495,127225095.5,178845212.1,207975607,270645031.7,32649846.9,47736139.51,25483490.3,44983120.59,17137440.07,4211869.499,55413964.4,47708065.35,158251066,26585.57731,21219.71906,679194.4714,13562.38445,234249678.3,64530928.73,186428800.7,273058931.9,181382127.2,123222064.6,30105786.07,151157744.6,48075054.87,34316585.32,27380378.71,142618779,7097380.108,38501642.24,26768286.81,9408199.418,206348998.5,215066810.1,36265113.55,40055318.98,45815084.22,459293.1678,42773083.01,30882256.6,70346802.38,52727145.56,12466.29096,20335577.44,17277230.19,43913711.49,20118415.29,1146375.932,5329479.204,13589712.07,101566294.1,803629.6021,41610642.43,92556150.34,10280584.17,90338738.29,1136920.111,122783636.2,109208956.5,125442596.7,445844.6358,85487668.9,176400097.9,2753315.229,545254.7069,2227188.673
232,365.1064331,10.25238878,93112617.15,88392606.5,49851567.57,105422649.2,40483475.65,56112896.06,43446169.75,53574911.66,11291522.07,33877919.22,36818811.68,9111458.006,21350516.59,82169793.13,18085557.2,47038824.78,41805917.25,107299104.6,43591232.61,30360003.64,9992795.747,10834498.15,3932605.498,64929310.51,22804464.49,6374573.979,79149264.6,9956504.831,5162625.09,43808605.88,15010265.65,82617819.81,4650173.597,32629497.21,12388618.24,4806373.624,83410551.72,17732627.46,17902445.91,23107974.24,39412305.07,25846043.86,18243055.4,3056226.257,910502.7285,3249686.817,2688988.597,3130710.574,255950.9942,2478515.232,2970191.324,7056518.046,2462615.161,3087740.836,916046.7103,3222722.464,23216039.92,15618212.46,13578274.82,4021426.144,3644732.466,2085888.763,2454514.552,4948954.508,873653.2619,8882719.782,3161343.907,522275.137,323758.2038,2210595.963,462759.4701,5069986.773,753572.3525,7747311.17,5278472.095
328,146.0924619,10.91866593,24507885.25,17975311.05,28779695.58,35549300.8,22985617.12,16071271.16,34300700.4,38192591.85,28820462.92,41777241.35,42964415.26,67110574.66,38442237.54,11836850.89,74617551.28,86816946.66,85637247.51,116162292.1,7771327.256,16315771.08,31167896.43,3945627.923,2823659.149,11524838.91,4822316.726,34549041.91,12811603.28,25174660.79,79709319.06,30659531.52,18176059.35,10688729.56,20107417.64,9512345.475,41050471.89,46987097.97,24334396.81,184762390.3,108583451,128820168.9,154742178.9,49089387.9,49036163.71,5888654.831,6755282.843,4910960.082,5941151.977,7936447.522,11388540.93,7114259.282,9586577.449,4093336.197,9097384.964,6315224.039,11336910.16,5345508.02,9216277.92,21398953.74,29953917.57,19338232.96,23538558.32,8027917.324,24375862.21,17643790.07,16317141.34,29469810.05,10420159.57,18660083.84,25204054.83,39069399.29,11686162.59,45197973.14,56672938.35,34551954.65,39128425.55
402,104.107455,7.817450503,13731183.92,4591394.718,7424442.204,3072085.538,4847903.941,1913195.181,14975898.23,15763252.57,2803004.584,18403818.99,18167762.75,24025680.74,6833565.018,8248600.279,13810979.65,3313330.893,2697877.558,3289813.749,4942306.043,11485209.9,16236551.53,4397188.658,5433564.41,4635251.862,13012363.89,14095637.38,3571276.972,12630739.88,14642846.54,14940351.61,5912017.605,7815862.716,3385974.407,5254569.778,5976642.116,5862084.768,2952262.889,6015219.632,6365246.628,6547727.929,4691864.758,34110292.51,32463968.01,2169321.798,2746525.132,6048312.501,3648799.118,2860733.451,9659123.616,3520672.022,9858698.528,5871776.428,3472748.366,3870504.671,5954471.783,7288318.558,4840568.19,7607555.601,9567442.094,20622826.46,7051258.154,2348126.539,17865189.65,6041525.178,7411836.229,4758087.69,5328833.261,9969801.609,16941991.73,4301968.654,3133620.32,42634143.9,3846515.134,3221650.629,3862485.082
490,130.0500768,8.636222152,9712092.397,1446172.524,832430.9342,1156166.451,654329.0518,1419325.217,13454012.59,22614023.87,3196500.61,50895121.77,54911425.8,68695022.78,17262940.58,3388608.707,18357874.07,49930865.33,10898065.17,66134886.66,1132193.653,2280526.335,40825050.42,3474.735438,1795.730094,1212865.183,2654.215524,18349297.24,910937.6286,2832271.839,4923363.127,4456178.355,2574374.223,864212.9644,3238996.33,2135127.184,24066822.55,1671335.317,2315595.832,35502955.64,44191397.77,37611627.97,15536547.59,66719223.08,72743535.35,2724.102667,487317.0812,470601.4447,249085.4088,366352.432,1064445.966,655411.2666,1469384.616,0,856881.6057,91952.2691,1805004.385,5803.599431,99408.63671,2438089.135,3842155.854,13484911.9,3734124.403,537778.4409,632483.7949,4873243.393,1525806.267,2405289.448,1482949.73,1432682.542,553974.3329,1418277.512,820981.8271,3668699.015,2234672.393,8003938.403,1486414.537
539,168.0657085,1.671879616,12778049.79,19639653.39,16889246.25,20025810.79,12253248.98,10410638.54,30813399.98,31930336.64,31687394,33319492.65,38462861.76,48482788.2,3422415.146,1973617.454,6707924.693,10971673.38,6232212.044,5280731.634,5851416.374,3885942.089,23712056.43,1221421.268,37688.48516,8565778.92,182380.6334,19438281.18,7144143.761,24254988.87,14611978.93,16824680.05,7062327.414,1960131.386,6915404.419,17418544.04,11244708.3,2365734.769,8571798.667,2819706.391,4105699.934,4435806.582,4766083.983,53495515.68,44547418.94,1021356.921,1610281.449,1018781.823,705809.9553,1899056.599,962740.1871,3241887.818,3107292.143,9921.583223,46273.03257,355177.4261,2825898.813,58256.41796,3148720.519,1671081.235,2084857.438,7168214.943,1411020.735,1045954.366,4816982.015,144263.481,2424584.522,1825093.107,4290008.381,2818271.278,5029116.995,1111724.945,2308912.142,12358705.74,1226440.12,710993.6848,144342.9503
544,180.0866765,11.39980967,16243740.14,22466245.99,16593145.89,22635216.94,15026097.85,14579134.62,31561115.45,40668216.65,11367504.58,40011297.73,14695989.57,11389663.64,17817974.38,48714348.79,16560075.03,14200035.2,3119731.857,17640162.37,48247847.05,23934655.52,50575088.71,19945.36052,26371.75631,46499950.78,306720.5325,3893496.045,41329164.69,14197883.71,3542225.841,60086782.51,34950035.08,37323991.18,27269960.22,30385585.51,18124998.51,36989800.3,89846964.74,28466372.11,28433670.92,19041123.35,30729485.31,36015637.12,18902783.11,24111674.33,18698223.97,11858571.1,11960752.81,17965693.98,19223946.71,24630198.79,11697652.46,47990.50513,12501619.82,7733005.243,21020019.46,11866758.23,29021847.48,11952434.86,14793570.13,47591892.28,12847933.94,8788586.013,22727427.22,14748848.42,1063780.243,15260404.5,27635170.7,7963052.721,14094389.91,10919570.72,15315886.47,17871558.79,15004463.38,34955920.92,5658500.624
604,150.0775862,2.357589256,14775677.72,44794584.11,86283584.77,97909468.86,98189251.07,121798609.1,17008617.57,22401284.03,188665385,20691542.99,21587539.14,30943802.71,11626287.67,11743027.28,14714920.16,32336265.25,27980810.03,28442488.39,27951977.9,9081997.277,20335424.15,1799840.022,1997736.805,70647878.08,1477562.373,16810549.92,63593675.48,13448842.53,22486065.33,16328022.76,114265736.5,7332150.661,147259018.1,37064563.62,22291507.28,11116624.49,158210365.7,24019289.78,17337585.32,16478156.79,19629407.16,23095084.83,21386099.33,15626798.76,31752718.75,34577094.22,21858222.66,39297190.64,6136339.799,60021512.68,4238413.784,784773.267,3876548.036,3092787.22,8864741.461,3273835.549,70170436.3,19569173.83,20236380.77,10522746.82,15777226.45,33006474.82,16483482.61,9765582.183,14751848.59,27530806.38,133101763.2,17392914.44,20356384.64,16094649.26,68039481.82,16360393.21,21555171.72,21463113.59,17710733.64
667,106.086706,10.05649596,23231491.65,31083057.53,23802598.69,56962079.08,25110779.04,30511764.05,25723584.55,19219134.1,38581652.33,27276572.3,20035555.93,41325162.43,32487819.3,24187733.68,40110658.98,72148330.04,47081400,68516018.98,18585646.2,16556966.54,34368870.35,2413108.946,2823696.236,23330438.55,9549424.037,15719971.62,25166039.93,18060657.09,15429402.09,19690195.66,54589066.55,15098146.82,30648793.45,32474187.34,38837956.44,12342208.77,39178125.39,20321271.08,26425616.78,18658732.87,25480460.6,105948243.4,66863554.05,11048253.24,11360499.77,15720849.56,7861883.975,14679792.86,14723550.84,31523874.2,19787697.61,1088711.07,32302614.34,2228734.768,8343315.808,4662994.403,40863309.85,20340719.53,36200121.56,21301484.95,39008257.14,13022355.99,20831568.41,12205419.47,10580766.12,110919440.8,48204529.88,15788776.6,30279493.16,20485909.24,22231624.25,362633054.8,29104273.35,18390421.91,18724765.25
734,139.0502533,2.771350048,12683718.36,5490896.976,5046846.007,4477684.682,3716927.922,3187823.413,22691320.04,29663506.87,5660474.062,25104593.24,32034923.37,68243519.22,15528900.58,11789877.99,15974938.75,24328573.3,18948824.18,28305028.28,3165079.541,11749954.07,51272500.4,2301892.138,1676145.639,4211953.087,2638813.202,32924518.28,7201244.391,20165448.88,28844195.11,33949475.97,5523870.748,8088058.514,7484997.362,8934170.721,11840149.99,11339293.05,7636048.712,30836108.86,23463182.83,18298626.92,22277315.5,20705333.41,17337301.59,3137607.263,65938703.4,3180207.654,1844129.799,3790881.542,10492716.79,5219766.874,5648748.953,3500069.19,9687085.088,2618246.36,5825487.979,3668136.903,5332323.42,1516462.24,14037311.14,11160649.67,11562535.83,3383429.58,9836637.84,2488659.298,9684526.569,15021935.52,6096791.559,8749400.29,8663571,5761096.974,10482079.7,21091188.07,8613003.849,9880307.453,6936580.827
762,189.1234702,11.6304377,7288849.467,1232844.246,2030566.603,3739160.067,1553292.716,1614341.382,22903500.62,23665493.56,3742892.641,32423025.69,29710325.2,33813217.03,18529879.15,4727129.896,1002339.138,1505043.482,32344435.2,1783181.108,2190872.938,5662378.503,19167937.38,2783030.051,649211.5995,5023061.872,1340243.442,31841153.77,3804039.829,32235460.22,38327928.72,36374473.61,3227709.136,6238500.016,3262406.327,2639601.761,2485116.086,992302.8323,4615630.741,1664858.239,24253228.68,10999695.46,2501848.964,54805226.39,52350676.64,586057.5186,1684566.203,2600389.239,4955668.448,651386.5293,3978288.542,529647.8556,8190783.369,562615.2383,3798016.805,3725236.715,7759857.042,2287898.947,2979970.825,16428547.15,18620930.95,15666042.48,1230458.429,1033975.304,15931140.31,14541004.74,14282912.72,1689508.505,2664388.517,21315646.7,20530206.35,30753217.95,3066748.627,13722071.68,34753928.99,29873794.87,32460159.8
783,162.0760926,11.40005923,12798105.93,17906986.18,10838114.83,13475812.05,12343545.66,12610435.35,20403354.9,27970872.82,11053121.28,24672598.34,10582742.47,5148122.869,12616921.89,29560179.56,8382601.101,10753595.53,1920582.859,9262697.129,28818473.13,14064884.06,51666681.45,628137.9049,961246.4087,19329896.43,227394.22,2163831.078,25351752.97,10474736.12,1419083.895,40249615.45,19389848.13,25423983.02,8119036.317,34297926,5377424.463,22702878.8,60065580.17,26269853.12,26001193.81,16072382.5,16590786.08,50128945.53,29751866.67,11684635.51,28559422.01,7465141.73,5675483.357,10990361.38,10291259.45,43564381.45,6795085.773,730674.0172,8399740.852,8714112.784,15015389.05,3845634.34,14749807.4,8447571.123,8782086.159,51701185.05,9343807.897,1044356.564,14450357.61,11988154.85,2095106.471,10241985.6,46712325.38,11250276.73,34299578.84,13574881.83,26349526.87,50614403.52,8168501.038,34347710.34,4492039.214
858,130.0864501,8.597843742,6442088.279,5109900.147,10661471.23,12136725.67,9410802.187,16893342.39,9028138.045,11082812.3,26972856.71,17208589.21,16409710.61,17238745.2,12244254.57,1760446.949,31010917.55,39936104.25,2395342.656,58573117.1,4166728.007,5682024.752,20247277.4,20550.23821,46164.90869,14673328.24,93511.93648,6823117.865,9716217.574,3413642.852,2214548.75,5328416.387,34248002.39,97789.56085,44697911.11,7612282.347,25606429.4,5128228.611,969467.2111,30106421.28,33809470.27,30718981.89,8567527.582,28384548.21,22609633.22,212132.637,5780312.865,6244151.067,3296080.37,6366169.068,2657531.225,8149077.532,1495612.67,29166.78042,942589.7081,387626.603,3741770.151,367595.2916,5549864.243,9623625.614,17154242.82,10536335.52,20151365.87,8727380.613,3127532.508,2081478.272,1831039.775,10577874.85,22896498.6,2695676.769,3442419.991,3316626.312,18360377.28,4185471.074,1820126.662,3565015.955,6498718.828
1083,268.10413,3.658089291,4955252.195,1359773.526,2035681.896,1440748.742,2531827.417,2227018.688,45896848.32,28957942.07,3906676.281,62760477.32,26996.74269,71538825.79,2723328.309,3070112.686,3647193.01,3858049.979,3590851.109,4172827.515,237968.3475,3921157.352,28083229.69,469744.1731,17164.72549,927121.7625,313024.6896,45603792.36,885095.3554,53433970.45,168588448,54051345.19,883722.8591,1938161.627,2983661.403,304812.7627,5551018.258,1973244.328,2203566.124,3359106.604,2609334.9,3013309.355,4499016.363,44018874.07,35040145.24,271788.5432,433639.8943,1313420.312,564897.0889,745524.8516,2371166.802,356422.5323,8555270.163,25326.19167,1437878.733,1123222.786,3295952.384,751020.0259,2115276.317,4031368.433,8980167.809,16701308.56,4422964.196,229861.3688,7803757.147,1676883.476,3878471.484,3637445.568,1118861.614,9152196.587,12655386.04,3513376.573,788510.866,19020568.12,4304656.959,2757722.617,6614904.341
1095,136.0619017,2.867709029,5817218.935,176213371.6,422659813.5,416397581.4,480396814.4,427467102.3,66281805.86,40466555.67,866259789.5,165647135.3,234181556.6,452039682.1,75965592.45,65917790.17,114352855.6,170154753.2,184513620.8,129142503.8,104786925.9,4262767.014,37250821.28,4834184.677,586283.3763,272766301.3,1399250.818,274822620.4,212060237.4,120526193.4,936119703.2,58985582.38,402487406.3,43257945.65,476252769.4,125836192.8,61829335.33,51067574.74,473826409.5,105244931.6,111360356,101740029.9,74536718.67,241613149.4,449223549.3,56832307.03,121268340.8,121469225.7,79903948.18,147889058.5,4043521.478,203953970.4,53205452.08,635703.5073,28267171.5,1557020.99,12010573.02,18655049.73,287575268.5,74404402.55,109290414.2,31381529.13,52603123.22,155564358.6,61557868.42,44608650.73,96362011.19,98894625.79,363736693,109206515.3,117624445.3,66229247.16,328254761.2,527106345.1,94177412.74,81282444.13,66681421.25
1236,204.1243375,1.429678459,1766455.163,637944.7037,1130495.003,994886.8271,1398112.242,1349721.772,7889513.872,6442841.32,1375843.389,11130639.24,13596989.31,19045229.78,2845199.944,895182.7946,5613641.039,6409219.332,7659569.243,9707415.399,701676.334,1639977.933,6468890.347,134560.7126,192848.8962,936439.3617,15891.74298,14549721.21,883271.5394,8646502.978,13541714.26,7249695.66,1608226.119,1024918.361,7710732.068,998561.0813,5074584.649,2929673.223,1986520.764,12886883.64,6937378.434,8441382.478,9003335.32,11819712.01,16195896.03,663922.3342,384168.3729,1387989.429,856764.4882,1204847.763,1270617.534,1168173.29,2497430.006,152709.6152,566827.4192,640913.0282,1181212.875,315016.6402,3478052.096,4763863.951,4573826.972,3221465.069,4792758.711,1313591.801,2369957.57,1609316.231,3613227.145,7828838.69,4591284.435,4126255.525,3991871.722,2864322.453,2526156.855,14258256.07,4396195.691,3696329.104,4982102.823
1660,104.0710852,10.0882877,4675282.142,7276788.133,13122763.08,22462912.76,8847003.962,8009193.557,3040375.038,4119493.184,22679980.55,3540340.132,2934080.803,10211544.09,4239495.044,3677120.639,3578670.354,6386647.518,4150318.227,4705544.685,7374571.205,5433850.037,3781093.785,4895738.617,3301987.531,23030580.83,9323519.31,5778738.41,17501330.51,5437418.891,3999834.772,4974189.5,19620692.49,6707950.459,17481471.01,10326634.68,5333125.371,5156703.302,29431293.67,4436217.858,5050254.811,4729654.891,6304091.156,4332187.327,5025094.97,7126643.491,11478213.02,10131558.25,9831143.091,12923513.1,5961680.067,10722115.48,5355141.944,5977054.343,4959515.276,5505071.341,6046821.069,6278783.519,12052726.27,4947425.796,7552776.916,4950683.872,4492973.564,10321489.46,4810626.101,6912046.391,6300883.048,6956626.055,14866752.68,6757723.38,6930555.441,8452499.946,12430372.07,6545134.693,6159553.942,6550734.723,7130086.259
1803,190.0710898,10.94137637,1864139.33,798381.7726,953336.1588,1478552.897,901899.4611,1210452.562,5331164.123,5959770.64,1986884.683,6803118.459,5454208.253,8603470.98,1067311.741,781287.7932,1595146.444,2158750.588,2338606.864,3468486.901,1364874.059,1117140.615,3549498.731,125573.0969,2330.306783,3407903.268,14544.97723,12168436.99,2908897.746,8292698.397,9768323.155,11376515.13,1717016.93,531792.4351,1772304.668,1306136.625,1588895.916,2772584.107,6726325.672,3120115.272,2377171.622,2520308.938,9904799.193,8821857.184,5134841.548,145480.5435,296440.2648,261595.8454,282136.6907,403339.2389,399323.1072,321300.572,638914.3142,2182.898833,16042.73475,211694.7316,1193584.184,51178.15815,701518.7636,447575.5704,1234837.52,1749636.985,628715.6253,368193.3359,1750458.103,483789.3158,2167186.838,1125137.636,904830.2076,2733122.148,2574191.004,556147.2492,594492.2377,3454553.678,816734.5067,739989.0756,751471.8939
2162,143.0816508,9.708737842,2177068.759,29737590.52,53057943.63,76843967.96,46388789.22,40893947.86,2016588.047,2373552.652,81579225.32,2363649.729,2161675.278,4166346.463,1280034.897,2405350.799,3500111.62,2755518.53,1520219.311,2569855.222,18870195.35,1377656.206,2070894.267,37947.76627,18801.59714,45341296.75,47120.56532,1799073.107,46571723.96,1510297.802,1575606.016,1817820.622,58815563.27,1495698.454,52286745.09,26550239.5,1993399.771,1194860.37,76588287.05,2303970.209,2498446.944,2167614.036,2204286.132,2612641.164,2137348.497,6202820.092,18214407.76,5426151.421,10547069.38,21855188.07,1009533.574,9373119.647,440965.6694,45534.46434,770594.662,155950.4371,167593.1145,415765.6432,14925642.61,891458.9151,1756554.256,879013.3556,1220894.476,14560155.73,550668.0063,744926.5758,671429.2183,1400299.628,15298933.62,725004.7118,912670.3103,1140934.991,31755855.53,1729163.396,1350111.125,1135478.022,2062017.244
2198,215.1392043,4.360237647,2656548.029,294301.4091,445685.4899,544187.9968,759963.9409,531289.9032,14485961.91,11665151.46,806831.5239,25828082.53,29896607.58,30157594.12,85548505.41,33382368.37,113298041.6,117546092.2,105146622.8,127930448.4,916233.3691,3616179.608,22111212.06,18885.10718,139343.576,789197.9597,9206.092031,47637183.11,715632.9556,22576504.95,43676726.77,27658438.26,857053.2483,44512699.49,246921.3836,924244.7811,196000352,79267661.91,1142225.476,166736173.1,146994702.1,137162493.4,143992392.1,45093840.8,53841439.56,305248.6739,561698.0985,265373.2783,71784.36884,225960.6947,2600737.373,601580.1207,7622957.138,617146.4547,32858083.54,1085093.867,2069818.051,11301903.6,696393.8355,99096213.65,104994469.3,16154548.34,106319121.6,113190.7014,5277917.38,46620989.62,7691526.282,113080996.1,539034.2636,7525879.917,7251379.989,75122571.81,115033.4823,28112118.73,101289263.6,97438611.5,94311704.98
2247,96.04493411,1.452877396,854240.8182,1003578.883,1471761.19,1674209.938,1656561.193,1385695.774,1182115.778,1259942.068,2092317.579,1346782.573,1360226.869,1353920.262,491178.8205,1177780.477,656650.6117,931517.2255,756656.4313,1178731.433,752625.0219,834295.5026,1573446.674,134327.3682,293055.462,1323715.54,216133.3524,1319487.25,1087060.104,1534716.219,838063.3347,1297832.38,2029615.288,943459.1629,2682026.636,842469.6383,1064509.822,880456.753,2661737.697,2526633.131,1802592.292,1930628.309,2221086.535,2139951.357,2141396.017,874109.0163,949190.6113,921026.4916,591869.6797,736990.6312,893834.39,1359288.769,486521.4158,272720.3508,1028453.412,459170.2305,693139.954,588450.6474,1670056.583,905186.9442,1074767.523,959469.2922,641534.5309,461134.0631,839390.0386,991467.5355,551507.033,1112545.648,3009466.78,691077.9657,800690.535,983686.5447,1054188.854,1983534.862,1275391.15,1515427.654,694322.7266
2307,127.0504236,1.878027242,2099648.664,1157989.815,879940.7676,902884.1102,1031511.951,1986517.463,520306.44,915652.3104,1437118.492,3540765.046,4627175.031,851665.9383,29207928.64,23027367.9,56971283.72,38872297.11,32750808.67,61574896.67,1607854.651,751225.8503,531568.9895,8401.089594,7862.386628,1669284.385,34832.72342,955837.2564,1534578.147,5171001.552,1833900.342,4727763.795,1200502.859,25462488.52,1626924.824,973860.3664,37998005.77,64713977.05,3147442.021,73435342.33,46058715.6,38112737.33,88279571.95,802191.0948,753884.1951,456372.5148,549097.7261,504955.5745,508063.6046,622409.0627,279519.5112,1038771.724,1645937.245,7006.077911,9748688.548,377913.4698,1711499.971,12035984.36,1333513.956,31858930.78,30773555.1,389372.1152,20690468.47,1107209.207,451683.5458,24224856.49,731838.0819,30666554,1693833.582,3284157.378,619821.1249,28005996.79,2308446.942,1144685.4,30603744.7,32262772.6,26868598.93
2855,163.1230329,2.115712698,3623211.487,3034155.887,2309034.359,3228479.809,4703546.532,3016367.183,4616796.335,3971588.751,7351583.948,9007904.26,8273567.635,6338150.912,2586274.905,3872795.007,3988132.25,6239154.743,5235560.803,5204388.204,3941061.175,6142686.581,2966534.398,6952061.003,352492.2019,3286066.366,2983335.559,3397014.653,3069499.668,3338973.358,4203118.759,3353299.423,4822554.213,3664252.755,8753024.365,1900288.275,1771204.89,3288547.754,1156580.796,2833052.443,6147971.788,2900716.605,4564824.284,389047.8394,591563.9343,1072260.193,2707564.214,562568.3838,372049.6122,2240598.769,4053154.325,2378472.098,100983.5082,1979538.47,1179005.37,951514.8159,175854.3848,916501.1185,3381625.878,1903265.676,1431806.043,1292921.323,1031495.045,152344.5935,2804969.924,1885257.027,2679372.884,1903237.212,4827319.118,90783.96841,1796534.019,2148279.197,2909284.951,1609156.504,2622318.822,2986930.989,3696619.74
3177,127.0504254,9.945064667,1376517.781,2573116.158,3630957.708,4921923.598,2680507.632,2195919.679,3219618.138,4218253.605,7580037.824,4257921.371,4506254.665,10399462.62,1468504.207,1375996.875,2451767.875,5271441.27,6850951.72,9074521.842,931381.9036,1113217.062,5416149.168,312824.3689,180774.3629,2908123.495,356197.3497,5251057.722,2748772.163,4085200.508,2915773.965,4563341.233,4734576.464,964806.0623,6267277.995,1814192.624,2935210.811,1599149.869,6968072.969,4414343.011,2607456.09,3340069.127,6498808.873,6847812.56,5922520.053,531819.9227,754082.1673,1048912.812,788717.7436,1435385.525,811784.4067,963761.448,1198994.919,30475.40312,625408.5789,64683.91377,753797.3416,437319.7624,2003363.291,1015925.113,1989218,2455580.491,1082092.037,1621679.725,2098015.168,1685737.126,2236981.528,2028052.061,3354719.564,2736529.847,3869441.362,4074820.372,2661591.555,4395072.57,6244256.72,3919521.189,1670534.144
3295,104.0710777,9.292091684,1747713.779,2209086.064,2119936.666,3101989.755,1601658.469,1364748.996,2935894.796,4268830.723,2751503.065,862776.3196,2006391.676,2216300.675,2445143.091,1706040.404,2632961.905,5565263.718,3778467.124,5375021.969,1432318.03,1063110.037,1393794.52,5035151.141,2365868.326,2365168.398,9553988.027,5628712.382,2128482.126,811438.1378,4116237.096,858308.5576,3000601.037,1215127.973,2265053.912,3060241.672,1405526.575,1168889.751,3897490.413,1486095.232,3105957.824,1993925.98,1785739.849,1754156.245,2193368.221,7126643.491,11478213.02,734379.1129,10404060.68,13909590.02,6452080.043,967285.1537,5398540.325,6750768.157,4839783.796,6165960.378,6150310.511,3580521.412,1351117.819,5145544.768,1356481.372,4834760.238,3572698.814,10525667.79,4604262.247,7131151.032,6771161.386,7635917.806,1712524.928,6585638.509,7408108.48,8091192.186,1683004.924,6372780.774,5608522.695,771544.9011,7083968.667
3363,182.0813041,8.727332677,789928.0654,2726755.425,3976984.868,4584952.582,3566761.755,3823690.673,1195504.101,1623882.781,7710946.188,1074915.636,967052.2398,3152180.485,3864012.924,3198210.484,5674072.865,14200669.49,2995832.249,20533429.27,885543.9381,589727.4619,1379035.056,319382.7724,140267.8156,5944594.528,267691.2794,987402.5545,4072222.87,576403.9826,462125.2642,666530.2753,13287552.7,892265.5367,8142706.644,5418877.269,17886772.29,3629922.406,10583005.74,5652049.541,23602342.43,22337500.8,7819710.677,5656808.323,4737898.823,299584.6194,752607.8421,2093276.86,364909.3393,705229.9729,895738.2116,1143886.392,436467.9633,28028.4092,486087.6863,31735.87114,201859.9615,71194.78428,2281128.833,1800177.41,9474078.228,2248836.379,4125378.618,732639.3634,245994.2068,1581489.242,406486.5393,5620955.274,4624920.532,384236.2849,454341.2959,1139691.517,2915291.968,1283261.566,3406331.486,3618184.089,1302439.889
3710,170.0813182,1.954192614,981019.6558,1183976.157,19209784.1,18022244.22,24849345.02,39462009.17,5456169.653,4791062.435,53975605.72,10473047.84,15509135.45,25549213.46,111949351.7,27805596.3,205082067.7,246240047.3,241426262.8,407312807.3,939318.6306,224115.6634,3948401.605,210049.8681,150001.1376,20208288.16,62012.42486,15295938.19,15032965.87,5455173.379,13261330.3,5666549.091,43747263.96,24853372.37,61931925.21,1283155.076,216115723.7,124249560.1,66101776.03,554900269.4,252836949.5,320150670.1,367852783.4,1378838.447,12047186.6,532962.8871,4802899.997,9310143.739,5639812.855,7852591.447,446915.432,10554697.85,2453984.908,8620.601024,10736578.2,190195.1493,1248194.995,5299157.439,19959232.13,168371740.1,176793762.1,3080026.83,169736385.7,13672459.31,4199038.785,92085468.14,5555373.691,276881375.8,49385609.74,5850609.835,6892088.348,172511380.8,22986444.06,13305720.17,243217073.7,231876388.6,206595006.5
3791,124.0395877,5.748724295,1641999.37,2722658.183,9473872.283,8662164.156,12066644.06,55725611.59,16654483.83,11346634.7,15196925.05,25860803,29527797.61,11177044.19,88306819.77,8054698.026,117301712,35175768.57,60280006.1,105224111.4,36678405.15,7064781.679,21962425.78,1838903.116,780134.5165,82111383.06,23931.45657,96663420.15,91374741.97,35765574.2,345943900.4,28017026.44,34382212.82,16492395.54,76464736.58,28570090.21,153356604.3,166745127.6,202832498.1,203014707.1,148688998.7,120205336.3,431151552.8,36401887.22,54851620.16,2083605.181,6278839.827,15156870.97,8021443.428,7389080.373,1350418.006,14222882.6,4848681.28,165536.5214,1575275.115,329256.9399,4783597.621,848748.1072,49369197.73,33921802.12,35918339.86,11238054.9,85423414.63,19563893.03,6074242.751,22014514.51,12705588.19,48582878.54,59685527.61,9798218.902,4897543.948,71269533.22,15892911.8,13799208.88,38927671.64,34319466.06,29519584.04
3916,162.112508,11.32526054,1087129.713,1251231.309,1383422.439,1500136.843,1491614.872,978890.5706,884103.9428,754681.9676,1617946.961,994201.9657,1043840.008,1548685.454,879509.4528,807795.3123,1392310.516,1203032.141,774610.467,1090530.647,763049.3975,1011431.442,1365630.529,2582810.937,754857.5947,689618.6709,968247.2824,1390637.11,789101.5778,1221934.271,1406684.192,1040239.748,792119.4645,849600.8873,959598.4891,117227.8365,9513175.673,801869.7178,759261.4075,1085074.18,2268205.272,1285719.845,1117631.088,4278992.002,6096576.435,246631.756,475441.9682,999158.3314,281290.6735,312780.8684,366630.4417,555736.9551,507072.333,670427.6279,2018943.531,243370.5349,167939.5698,189299.277,600566.792,5331266.128,9178659.148,291269.5636,3759754.354,441080.6067,580118.0511,629879.5169,483654.7328,3012264.298,1177330.531,395539.3943,507446.1367,593940.9471,759068.1778,7276110.621,656374.6525,419207.0958,560409.176
3945,90.05555759,10.30711776,1368544.026,1350918.573,2701196.799,4126155.177,1995223.406,2334944.504,5285039.298,4992464.804,5040074.976,8282026.87,8233858.77,22739024.41,3576233.653,1064597.395,6485728.548,9699353.13,5282099.121,7504524.147,1417854.309,2420128.443,3352468.669,730432.9258,716711.8928,5926771.781,2847382.779,8013679.97,4762477.778,6067758.857,7965355.257,5679083.928,5773462.521,1037771.386,5766002.181,2648509.874,5846473.038,4668887.26,9222339.028,5509576.608,10460896.76,5922060.968,5603328.985,6895933.148,7514211.478,1326550.739,3895131.629,2251634.184,2558710.023,3522608.326,608259.9932,2742138.899,2275193,3809255.617,639526.3825,1577622.048,2413387.401,879942.1155,3707161.175,4918002.74,9097010.551,2776240.073,7490097.555,3034530.075,2703695.082,3323605.546,4813403.255,8762998.758,5020171.715,5318803.104,4816809.863,2474835.06,3609211.802,14897694.33,2786356.487,3655257.899,6798688.624
4200,132.0769054,10.37874148,859968.025,925162.3814,953588.6171,1127758.072,765509.5197,491677.6415,462632.2965,691967.0184,1013490.837,590027.5486,698589.3594,2157316.798,594221.8418,655971.9637,569123.8677,1040099.374,747220.901,790057.6955,604289.5532,724307.9017,589949.4665,2842740.117,294239.4498,799027.2688,1181508.666,573475.2519,810541.2348,545293.2834,460553.7018,504239.6175,667490.176,751334.0321,667782.1228,818591.3326,1132372.427,398517.3371,721607.7705,556720.7775,569790.5903,450045.7605,558731.0646,641838.5307,544723.0929,262688.2234,640571.8293,216353.7738,273500.414,387310.1254,285245.2107,251445.1222,180168.3713,737091.6575,256970.7191,196345.1053,295237.7168,250502.2621,328828.8121,182268.3056,291325.0226,262845.9988,205939.0572,271268.5413,251812.1871,404847.6043,305044.6513,228680.2384,272058.3489,225927.4245,268794.6825,404401.5447,409125.8497,287724.9691,336924.8555,565738.27,305589.6965
5128,138.0553977,8.404651266,777784.9622,4168438.675,5309590.702,5570433.428,2438896.146,8920596.526,864869.909,585931.8071,12643533.55,1372129.054,1578907.707,2903920.306,297867.4686,1277118.054,1013485.624,3326412.893,5979740.859,5560386.824,14859011.74,659655.249,1325424.791,11707706.78,1422688.149,18671310.21,34445.33316,1065437.722,19101703.28,684994.1986,837261.6918,759668.2839,23582324.32,1616582.071,24146479.87,12064415.39,1488466.452,2738747.016,30957460.99,2544024.797,2092731.133,2178035.657,2190173.962,2635117.636,1180086.884,7125547.769,6284680.179,4607855.181,2011238.553,5556494.193,100403.2609,7245986.611,380837.1135,160116.0501,139791.0462,240381.8606,345427.3475,1264233.562,10207198.83,695499.8782,887355.1444,1684472.109,794854.3645,3555766.073,108911.6471,1107815.33,100617.5276,1018662.129,8288616.713,269696.5059,169690.8974,1356133.516,8978286.106,1377935.295,1590587.555,1435342.678,534361.2369
5392,164.0377086,5.253030102,693562.1254,81663.5832,74055.58402,120277.093,21050.33034,136947.6537,1332747.029,2114316.578,22453.23877,1752158.063,1472825.985,350270.1154,347495.2249,130368.3335,234128.7844,176067.7432,21875.57726,360956.5994,211415.7079,1326325.144,3814147.195,0,0,195939.4299,0,1063792.726,230349.8756,1291382.763,1182097.613,2456977.16,83675.76108,149485.041,5336.194544,383694.657,658956.6361,376195.1661,18516.59218,369062.1429,391381.481,574905.5518,169419.8957,4448545.74,4744460.241,108419.8155,167210.8523,3048.947195,40518.89865,117057.4629,1757960.457,284287.4828,708190.3821,0,55420.19395,389466.1304,709615.4986,5589.918343,93345.16517,278212.3106,188105.7529,2177084.294,70262.1816,4969.059971,1253097.717,111803.1884,417588.4065,80147.13367,4148.455353,684017.3841,1609102.665,164315.6176,15841.25169,2167717.23,118570.6304,201005.9368,10110.80922
5580,147.0764124,11.09620814,333720.797,312513.7881,387213.3964,863038.3373,397235.0948,456000.9155,169790.7083,257873.7955,1290546.316,182696.618,508889.4075,684195.5134,261812.5201,229743.2871,667034.7896,4070898.417,2465902.027,3613868.508,144481.2359,160739.0363,42679.89253,68391.68022,252120.349,1414218.911,466346.0672,180708.2838,1078240.141,453882.9495,543670.2256,465905.259,1225518.404,175860.2568,1467675.226,430530.9589,475729.959,321639.7059,553074.5101,1221562.75,754421.183,2285989.596,2335110.397,821381.6591,205514.5972,91425.10916,219041.1633,45377.78613,39688.69635,765336.0707,77168.79357,32340.46817,74171.68518,95563.51804,52276.28944,49222.62467,195763.4568,301662.4663,125767.1947,676828.8118,4212643.508,167174.6434,505706.0479,41808.64117,234534.0042,2833923.032,207358.5159,1152099.686,569555.4651,422859.6363,232206.5988,3409819.875,143297.42,1697598.725,4116676.54,3609058.284,2258803.371
6188,190.9927452,10.8884587,371397.7752,2603.681427,6323.844901,0,9590.196549,136648.301,535140.5093,753714.1315,94480.31992,603294.4511,717372.5199,444083.7507,2043172.295,628575.8253,1671936.484,2849094.134,489627.9783,1687376.624,30117.62755,5458.622781,30203.64316,188367.211,4514.828994,14666.18901,0,313357.1751,71019.67615,203880.5214,65577.08118,215459.6287,4144.628775,6045.474388,4044.899371,5496.461587,579187.4016,418565.1193,4221.069122,183993.2749,570466.3233,304844.9674,471946.7857,141038.4621,128553.5354,2506.90615,5532.094759,0,122378.2732,7787.75489,7153.830816,108565.5917,5959.827342,13541.78797,93200.37573,161787.2832,273342.7058,62876.8401,34166.93695,558584.3419,2234907.062,0,47577.21351,50780.80436,4258.143408,383309.1141,321151.4689,1474012.337,3634.315597,176232.799,61479.07933,74546.87495,3349.780488,89204.74998,108602.5251,15062.13126,141180.822
6306,205.0974247,7.415956265,152541.5795,199097.149,327070.8388,317801.3411,320278.2215,326754.396,481631.5554,524243.6873,497018.2111,582679.5855,815692.062,989358.1764,630279.0989,554748.416,1098359.778,1262192.592,1998043.462,3586321.198,82768.06572,408447.2819,613060.0701,85868.65181,2921.400362,304594.0482,1832.949917,362638.7896,200932.0089,378829.5285,519483.1068,571938.1884,1310860.998,730258.9457,1319129.66,110012.9001,542146.5649,583603.1316,602780.2969,2807898.012,2435961.166,4184326.854,1054506.512,448136.6278,594014.9965,32032.81555,293813.4354,232022.9207,130828.2155,252416.8309,115587.4885,336084.4251,328683.1487,1362.609077,210839.1019,2635.932996,169770.9107,70228.03006,474768.417,1165256.461,938654.0767,550506.4485,1527107.53,411744.3324,552075.4115,716506.8454,1075787.543,2687684.764,677180.7195,842476.6302,992396.6418,1264144.459,343017.3328,1341151.682,2426708.785,1044433.289,1140256.435
6674,115.0505136,2.050056588,258835.7249,311188.8127,384804.9247,478943.8874,344545.4182,605612.6492,505405.8011,518056.3233,1261848.189,810047.0898,1020759.396,1717405.662,862002.5943,721670.2232,993751.2563,1757249.538,1288571.016,1777018.178,159586.4126,130996.2594,389157.9025,585103.4857,896578.8137,390330.5737,241717.867,564510.1517,340297.1196,617650.2941,570224.7446,479797.0282,742755.8514,244155.1762,610931.9012,186288.8038,1011612.971,642352.2361,1186196.97,1005301.526,1013134.717,1220087.435,1946913.952,1173853.081,1195392.816,273935.8433,319446.607,318549.14,291429.1093,327258.4798,372738.4015,401433.6709,126606.0864,13290.60676,195940.2003,85123.98084,309793.5838,49241.15788,432866.5567,573356.1964,873577.4549,248931.137,664399.0986,393857.2347,315820.8398,951230.4469,279895.5413,407222.3178,629322.6622,318585.6816,368990.4637,613688.0201,549055.0849,631799.3179,802832.5279,817789.9733,377491.366
6711,184.0605613,1.286819098,174350.1249,67830882.76,583537.4072,94404261.21,101091538,100603380,4793105.715,2764317.994,130354485.3,10160865.87,16955146.95,35739711.53,15898.44689,61734.46291,43294.26296,63491.14163,64529.84219,50693.31321,45872014.17,152801.6482,1816054.756,4214.787554,1918.202052,86803228.69,46116.53867,14265547.42,77524844.83,4775407.395,19320633.34,3137461.074,124091049.4,7547.939219,125637072,51798041.11,30952.64424,4233.005093,109567423,21414.98537,38982.59279,49166.47187,16121.10094,4978221.209,11265978.98,30252595.85,73572740.71,58475040.69,644620.8449,86557766.66,46698.85815,84906130.65,1856303.572,2497.672715,60951.48175,4740.519765,688773.8898,2884.380565,103462457.8,46204.9255,16782.30386,527436.6892,85509.67887,75574262.4,6038120.862,13144.91636,14605009.34,121335.3854,176637762.6,15945376.09,11915442.84,108463.3466,223467583.4,14426584.75,84858.46424,71652.54524,382058.0756
6933,152.0568155,6.366540498,335364.0115,3142654.804,6158354.962,7507970.354,5543139.051,7784538.246,764232.5728,405140.911,5737559.457,2549992.367,5096343.246,12075120.68,2479217.232,1843910.314,4190089.144,3817966.077,5592344.149,4615346.782,6276739.899,471070.6674,3300327.507,79007.62323,35227.76151,9999929.518,76912.34479,12035180.39,12261387.87,2353897.386,27977462.48,819262.8509,12585145,2424064.031,15944262.75,7725505.754,8343681.087,3856295.611,24404089.31,4535543.889,4679224.927,4763231.011,5507926.557,5056876.249,28881839.71,2037337.976,3840348.509,3569594.483,2993382.016,4310814.125,255129.3233,6809563.783,2346149.013,76917.47933,984614.8607,90896.72785,302437.5595,954283.8512,11029404.72,2606633.683,3215687.322,580997.5045,4250593.405,4838816.553,1163290.455,1803204.801,20983054.4,2666810.849,10421906.58,12463958.29,6281868.48,2083096.153,5793744.14,38143914.6,3952680.08,3378324.988,2938273.191
6993,148.0605001,8.413644012,700341.3819,2477133.246,431116.0823,734475.0609,268748.6758,868053.9007,186849.8124,548699.925,1899329.303,679479.4673,478801.4427,352013.1324,3707623.852,746713.1173,2502860.056,5326882.864,542565.982,1764224.739,1462390.908,460946.2666,957244.9784,0,0,204202.6382,1641.012087,107472.1244,455510.0946,33862.85163,14519.48995,43053.70125,1991859.16,506739.5082,1971330.613,2425638.83,7354674.228,754223.0316,2593012.733,8061504.954,9187836.87,6843026.679,2430100.261,254224.8225,398307.1,16947.58396,407583.198,436241.6726,196190.962,238422.1688,204993.2181,854545.9673,118419.1402,2967.535373,159306.0466,3617.404647,246502.531,1805.527229,245230.1453,1083736.719,2225271.374,756520.9697,1792726.56,297961.1498,126159.0156,548181.9239,1960.796903,717930.4327,1663648.511,13261.07352,12882.34199,67675.91771,131477.3666,307869.7362,158242.7218,582878.9823,7107.743986
7045,147.11287,18.59171022,675978.7033,917489.5105,1236277.185,1625285.464,889201.5047,801642.3035,978675.5927,195648.6735,1293470.855,710009.0285,1376226.11,3321273.636,1087098.162,679750.6744,3283039.178,977853.7477,1220190.776,820354.8175,123148.2102,1555476.716,1176424.873,3133515.688,224798.5926,2246492.551,1310662.088,1538135.507,1900240.673,1320109.259,1344542.253,1121010.156,3294551.373,1963324.534,2662068.147,1548136.928,75223.49779,1305134.774,4030554.066,1154248.581,1592323.014,6229597.937,1347813.093,1305189.764,1556944.906,538535.9708,2960132.054,2331535.064,1990330.735,1953247.368,447958.5967,930262.914,497127.74,264369.5127,401732.8513,624305.6187,409988.8306,1192320.795,2195781.242,575200.8184,489245.6265,177515.9329,324046.8271,356255.6916,741473.4754,3438187.9,353387.46,2772321.229,2557948.881,677945.1463,339727.0528,375586.3972,263682.0229,378090.1858,3776452.298,1918074.238,762421.8469
7386,385.1299809,10.16946436,240452.7049,0,0,0,0,1676.373078,13324.82627,83093.0757,0,3490.547843,6456.758041,23388.25583,0,0,0,0,0,0,0,406264.107,56025.93379,0,0,0,0,0,0,20974.82054,100875.6046,350947.4864,0,0,0,2024.308959,1814.843109,0,0,0,0,0,0,23021.75183,0,0,0,0,0,0,0,3015.320122,2654.978758,0,2035.132958,1240.751004,1820.858569,0,0,2526.387057,0,2818.011874,0,1472.638997,0,0,0,0,2463.468712,1611.285185,0,2446.735731,0,0,0,0,0
7551,114.0665173,4.159093776,478169.5687,614425.792,478188.9904,552280.6662,506427.336,233236.6839,330332.1412,291187.1255,343087.3907,387995.8062,807899.0421,1380640.632,609712.3875,491862.6109,782746.7882,1233592.942,1143818.008,1801353.406,755847.167,114019.1351,663584.4815,4180548.036,102310.7392,788834.0068,319653.2625,467890.299,987712.53,432007.6197,495603.0364,362177.9493,583176.7207,868303.3266,328795.4495,1283604.958,2458797.812,3240860.365,474577.1032,16251254.93,5102414.794,8229097.721,12173510.19,663791.6384,648799.8094,462078.0691,1623310.335,52728.56656,102280.6098,136311.0975,51433.70211,739567.3449,451191.6006,16583425.02,589727.6176,36845.65224,532389.69,591026.5778,672743.3741,885274.6077,1015509.946,736033.3454,1471001.636,809970.4114,594632.0471,1225931.551,696933.6697,1811738.857,1078500.926,55117.46581,89191.95214,2458628.655,1671616.98,642199.9744,3284126.096,2209182.165,1322369.566
8128,148.0604766,11.2968029,182607.0005,68559.78322,84033.35838,160988.7342,81217.793,140101.1017,534511.0186,554858.4841,194008.2706,659587.5844,481350.3931,821885.0451,1109151.16,73551.36047,2834998.682,777829.8795,252461.6426,1948187.903,162956.5425,82367.64518,293481.2804,753748.0965,44875.34501,305269.9158,1828814.551,1051460.232,267251.3374,846860.9697,929657.035,1111713.433,163909.1837,30699.40713,165393.7201,88228.70835,231235.9984,329888.7421,676436.9387,276976.3146,651734.1064,169840.6564,1062313.08,582479.9819,311233.683,595073.4304,711447.6927,95037.3149,454540.179,744125.924,23700.47558,604607.4874,54645.93672,87570.73738,111070.0627,826477.1801,582963.795,773797.3022,199121.3291,539220.8258,3563097.317,142798.3023,3290180.935,179625.0022,875493.0539,368496.4716,185408.197,3238102.784,646795.075,1768472.484,1908172.411,706300.855,43586.76377,228932.193,894343.8893,1390161.033,37378039.7
8461,118.0323768,1.121814518,260465.2684,400139.5662,36619.8737,389626.1793,25544.17087,394190.1847,56418.49036,141891.3908,665000.784,68152.02877,9541.362216,109035.249,1116941.178,1080187.732,2391132.061,3184583.532,3940521.689,3895625.023,16334.46199,70622.09152,157421.6362,0,0,42135.2867,0,57886.4368,79347.41873,7751.795134,4984.396421,32995.31359,228859.9095,489327.8956,24589.10402,168077.0886,1593098.307,713555.1567,340616.5904,1250350.106,995455.3288,1565387.78,2133703.996,333904.181,218701.4893,11101.36437,9137.315901,23495.69511,5135.332165,12267.14659,4503.448584,11647.82068,0,0,229724.2137,2376.462463,2525.65588,39994.49238,26630.85402,1628666.692,1768832.792,0,1781532.436,6969.074741,0,308840.8417,0,1244712.997,354157.6047,0,0,374017.4917,24097.64974,0,596560.6869,403139.1834,250160.9196
14022,153.0408274,4.751700534,35523.91241,179158.2406,475088.127,392966.6627,267977.9835,19297.0864,591123.9853,460648.1339,148690.6699,57021.95642,77411.24237,177373.286,1865981.873,184378.493,2434053.984,3962257.649,531640.2302,4083850.814,70874.63149,2634921.872,48215.55376,127466.3514,1185.886944,403563.7438,74842.91496,176622.3155,337336.4981,89835.23176,136422699.7,112787896.5,357130.0314,482133.9472,395658.173,169432.8468,4134005.953,4231201.532,581317.8744,2334990.423,3052765.496,2803368.435,5591170.471,41606.24601,97867.2639,32494.92445,23987.95681,67197.01881,80064.38779,41530.99335,1041226.674,70467.04165,13626.34949,0,71029.00449,37263.98192,13486.53762,20105.18073,93293.91444,2946333.764,2843326.793,8700078.33,1607250.103,193313.5079,12260112.26,925296.7845,11986545.66,3300321.775,221370.7631,18501197.19,20761.94148,1060452.918,75089.75059,82551.30559,203174.1148,963155.6184,460244.6764
15605,243.0977473,1.942118677,84949.29317,12118.05804,58113.92751,62841.77783,41480.22279,46370.18509,200669.0303,86740.34995,88059.14074,169401.8752,56115.18409,203677.9935,1954287.093,1740725.294,3970553.603,3234246.949,2506980.716,4746788.296,32169.98486,57883.34428,30901.52882,1907.257095,2756.414544,89807.62221,22363.20562,157836.5107,61065.70155,167785.9177,195085.7945,304530.5251,48995.68484,1745259.017,47241.3059,115959.1268,6708204.606,5480796.914,193213.5272,8464043.553,5136083.165,4140304.678,7252672.717,47934.65404,256320.9726,60108.4374,75423.72868,67871.66558,81619.88376,75475.17867,71873.63744,311618.008,171071.9281,3059.974267,2718365.109,249638.9718,126037.7831,1477723.934,481528.5755,9220996.254,10668174.94,544238.7166,3950190.917,163671.1508,262670.8177,3665369.02,77336.49929,10480803.95,511844.32,175304.084,256068.6685,8306457.57,879380.2856,424244.1056,8701963.133,4700705.419,8158173.671
17722,132.102071,7.006307249,519188.0523,3882337.79,7577521.718,6676419.647,7825612.59,7489906.024,2428521.007,1998430.396,11251708.82,3763189.116,4673442.697,7660009.128,1699320.546,4207037.441,4407002.768,3693747.992,6100980.721,4188913.811,3572042.232,5022046.817,2275306.342,1162149.481,929034.6505,8315530.286,420075.1262,3935389.243,6651003.658,2938728.759,4447130.068,2495773.659,16672610.65,3275467.448,20569089.32,6576544.636,4381331.125,3694185.298,14674557.35,6901876.477,8215888.593,7689401.787,2939059.774,8611046,10567161.1,4209442.191,4067672.37,10616675.21,2902642.848,4520790.474,1363738.92,10379293.82,3839189.288,156748.7142,2045345.864,299517.5159,2167773.134,637543.9743,15600319.99,4729295.764,8558356.89,5931278.973,13882047.38,6639260.455,6335992.128,5221264.101,5304222.779,22783665.5,17575675.11,5816366.099,10132945.97,4096706.301,13647378.85,15740748.08,5491415.037,4342824.571,8118595.988
18510,116.0709598,8.799633973,324165.7571,885339.4687,1527732.422,1148456.646,915667.9664,469578.6359,3858236.695,2784540.385,3209161.92,4941099.692,4640252.244,2426641.191,823964.6693,871155.806,2455937.623,2981506.191,6855250.668,4174986.033,240938.7618,69808.76965,1516048.183,2704434.049,17311.96608,743884.592,691300.6212,1477738.472,3561080.843,1390489.664,1780379.099,2001181.753,570701.4761,284993.314,1933317.264,4977483.015,6373970.809,2297316.296,6596946.812,5776356.417,6127957.073,4963837.132,1619910.796,4042440.503,3643526.834,64298.68674,2484675.215,2416649.621,1083361.293,2304039.302,1604151.249,2225205.383,459661.4467,113775.4247,1105541.085,118881.3523,717017.3874,161104.8328,23067291.72,1920624.258,4165611.403,777957.3906,3080720.918,1893356.005,542616.654,2499115.096,945693.7718,3612413.093,3376846.299,1045861.686,676889.3713,2189079.771,2763731.445,3992693.49,3525391.024,3475934.552,2945777.084
18648,220.1181218,7.087610753,534510.0534,285426.9346,6483488.083,3364892.832,7806672.162,8547889.845,782911.2677,1971925.477,14683961.57,556511.8683,568954.7136,7118421.342,1047488.082,16793745.33,2448558.676,32604217.53,75299096.92,130054501.4,1220474.458,591237.4093,259407.3873,32140.05752,33210.87289,6856062.417,110531.0268,1295482.173,6056100.895,978899.9143,1520749.271,902937.5882,10819610.38,21108689.52,17863913.59,703415.7916,1803410.025,5219636.63,19010157.96,15548918.22,4613744.855,110115076.3,9011157.305,1399124.936,1231133.629,826878.0474,4239744.744,2494270.781,3541322.018,4852906.715,33132.31731,2230722.21,119972.925,4460.050374,220701.2434,7477.349928,37764.72438,30246.50791,3599909.811,5205054.383,3217738.919,94622.76065,3090506.66,6726605.972,140395.7808,739146.5631,70490.60341,7385096.161,6266075.6,303135.6264,443296.7578,17756205.8,6892248.238,101641.7379,19448537.52,1495235.015,45838445.04
19075,142.0976429,12.20591597,851160.2182,281402.4515,144219.5967,93403.52423,42642.32076,221065.858,201221.8701,102482.4348,358627.0308,291997.5563,519625.2918,1005815.814,221702.311,121546.7347,92997.84533,186188.2718,228268.539,226171.1661,291857.9683,628576.7885,6961441.889,153491.7225,50924.05862,152936.33,197046.3487,100644112.2,1998808.815,93151703.71,10312835.64,127394815.5,722580.2237,380014.5993,2314884.311,1329586.903,16313066.72,7987093.309,6096956.093,4373550.769,5558996.38,4371509.237,4408535.667,82887068.08,49921473.8,839093.876,3391257.494,862026.5529,756921.4213,3823865.792,1001862.882,916298.0388,92034876.77,30118.74251,867776.4624,4506054.033,16043777.96,303002.4012,509121.9724,985082.0434,3236461.971,184703907.6,66800655.02,2807418.746,78210909.18,36800764.59,61804970.28,25433563.7,1612393.301,46537884.05,65211502.04,71456646.9,2793173.446,53819309.65,54111628.11,58836832.33,48954849.4
20610,175.1190478,18.33884591,249983.1454,145941.1142,400819.4088,5409544.334,1845070.089,4318637.689,1195100.9,296221.0837,5605363.006,1439387.916,2601022.528,2649329.284,1345095.774,1042980.262,5139601.182,4877012.149,4921697.166,6145603.657,1323781.511,766848.551,1528046.197,5669157.926,426027.7953,6525219.444,2011732.961,2712286.14,4236470.551,439854.3765,358398.2863,139710.3179,4452777.713,604652.3216,12879242.46,763563.6393,2804789.492,1591209.699,20927913.04,3960995.771,1757450.86,2771956.887,5709654.013,2248453.845,2674071.568,1751406.544,4003298.939,2677674.398,910744.514,2035814.732,62272.46107,2848707.497,843237.2607,243226.9714,208228.6166,1146304.841,220606.9525,151267.637,2868043.105,229081.3807,1942628.446,51332.142,1453736.968,1130006.758,259637.8538,5689330.29,315369.8251,2541063.822,2876764.686,439367.1339,2493684.753,4203660.535,586753.6249,2306238.67,9300423.019,2564939.966,3335768.811
24267,175.0584425,6.120898398,1049110.515,22476.6429,14740.23299,9765.259739,29440.56629,123892.6481,37411.17466,1635754.149,132350.4966,2161094.15,1029069.871,132996.3861,1208575.406,410685.1097,4695612.321,715403.5856,1612314.788,2143728.71,118444.7597,371613.2599,682824.4588,3319.172818,1689.472416,398348.858,8254.745161,87446.78069,89333.06669,1319983.232,147239.9884,2112614.094,14110.63545,496921.5052,109374.2775,269192.6215,4704786.918,1785031.095,33978.27105,1868745.066,1629677.856,1987744.478,3498286.548,2794687.777,535880.7021,31642.99514,3845.304542,17578.8956,2778.913189,2861.220306,2347701.098,31975.6653,5946066.772,3933.29475,174114.2202,1030279.395,4719314.354,146057.3986,53919.31181,3257421.532,2938252.81,4990843.911,2484758.777,3329.117885,3882219.548,267918.2923,3568238.25,3606730.725,28325.76571,4065086.453,10451349.21,1607120.337,14526.79308,10627576.75,1436019.193,398484.1128,1346438.192
24554,184.0632864,5.666524065,1916.150619,17298.2022,5644.052744,69820.28618,68131.95765,4748.131845,3320.653486,212033.5656,2901.959178,74266.46587,13206.29672,4027.739098,3630.228345,5682.489464,4580.02845,3515.728365,2603.386858,4533.888295,18240.50882,2455.192673,112580.7694,4917.287267,1939.999304,4201.72657,8247.186374,49834.96791,3772.231388,71328.00962,68965.46215,105634.2954,12553.92406,2634.064196,17693.40976,5892.150748,8847072.37,4263.284062,4271.545334,4516.256384,4926.079033,4301.572176,3916.973423,722400.4297,3349212.562,4344.403188,6863.933256,30632.56834,35413.56786,8395.500528,33276.11367,26044.86023,43057.25199,13742.89236,1428396.754,5507.705117,17718.84629,2312.783475,4192.218713,4103449.49,5209357.254,13812.77335,1562161.148,9769.945365,2245.902992,140321.3849,12051.54962,2782801.629,10046.5768,8047.736715,6821.866615,2623.305624,31436.07892,6763172.867,2413.290931,4289.606077,12515.69771
24917,131.1180879,9.224644713,7669994.772,2630082.59,29940669.96,31169337.37,15090590.28,29712511.47,99123437.9,58224601.86,36052036.85,24978962.59,36916531.86,1281298859,30960282.16,2146288.493,72240007.79,15083360.42,113251021.6,33291266.6,4598653.749,13016347.77,138978708.3,811877.586,181267.6388,8399749.78,1606658.728,797204098.4,5271055.05,145626456.2,94969824.52,137781125.2,1994912.401,4435595.905,17770309.9,4916410.514,20435519.07,44211735.16,2528914.623,120142996.6,24077355.2,23942530.51,32070811.01,18830798.52,25334950.53,5129496.761,8571202.023,12337449.57,6099126.689,9503172.662,30484503.76,21403887.33,118090664.3,407603.5741,8780361.429,13800294.53,50450129.81,4980206.695,27973536.11,51616719.13,71729412.74,152401714.7,52907729.49,11562977.97,168391557.4,24488914.72,138547995.3,87225939.94,43851942.46,158539163.8,271450724.8,62172552.48,20565456.03,562026641.6,84961660.5,53729080.28,70024735.12
25105,190.0504394,4.225732187,263300.4617,231897.3654,576008.7833,538739.2201,1669400.881,2330746.308,390582.1085,292734.3166,1364164.471,160077.8439,611899.73,1322162.877,409388.2085,484025.0696,519029.9416,136039.0838,131165.1847,352130.8268,9032551.681,259616.5934,230628.5254,2405778.924,117720.9101,927512.1287,3325604.113,6179267.806,6135330.354,6169850.016,9514734.64,4851938.349,575491.1838,8088032.856,2388343.246,2298725.521,1115073.842,3837193.155,6513071.639,204222.294,115487.5502,128923.3162,2217239.161,904432.4593,1020601.513,569620.4807,201516.5558,678216.0191,295059.4609,472109.9838,73095.95482,1014627.803,243186.9763,378587.3329,244832.1274,229581.1233,510904.9232,193079.5242,1382456.172,73874.7396,449995.7721,195660.6934,240364.8433,205637.5882,125686.6327,58191.47288,485275.901,498160.1435,1534012.311,430470.3406,58909.68329,66766.00387,829193.148,182116.7482,20808.56306,113472.177,45033.53298
25253,122.0967817,5.732620598,1297831.252,1113509.864,2681592.407,1461539.083,5310129.095,2216130.028,3711369.696,5039117.669,4820968.448,4467046.991,3875245.976,1476146.215,1771761.391,52742742.33,1626675.341,1552170.158,1006034.053,1688083.045,46239849.32,33247622.71,12267611.97,1026338.969,1911597.337,50713175.35,1656521.702,39518987.09,54739251.38,30041776.48,128847983.4,23352896.29,74769688.02,10519921.14,42450654.49,20337752.95,9999918.51,10804396.34,225843366.1,6073486.243,23899146.7,21724649.97,24341279.49,45822108.83,28943463.05,19050040.49,15824750.37,11178190.02,6190682.718,10530492.9,9063601.117,8502103.211,6485374.592,2568327.911,2428741.272,3051329.314,3487928.439,8047348.17,15716814.2,3314653.535,4906453.151,47424632.98,4999952.573,10177281.87,5706006.437,35592767.08,11022157.68,747022.5198,14185765.95,4113995.849,7643124.38,16857244.65,7646907.742,14437121.81,25031761.38,40719137.14,9955365.547
25749,330.0605241,8.061501366,0,0,0,0,3895.265637,0,3519.854831,0,0,0,0,0,266782.5025,70593.49223,346881.3756,459094.9882,250249.2947,410918.3251,6152.464539,0,0,0,0,5750.48683,0,0,7443.508072,0,0,0,0,63934.3026,0,0,150174.9742,17630.39638,0,611487.9091,276383.1591,345955.01,140645.5856,0,1481.11404,5417.214113,0,2194.589603,1703.144891,2230.327709,0,2269.12492,0,0,1304.588437,0,0,0,5591.045783,0,0,0,38654.10735,29914.45133,0,4863.158922,0,2864.855607,3780.158484,0,0,47572.46674,0,3974.785423,81247.56326,8115.771117,460107.8348
26087,179.0557326,4.126966969,2493.5625,10290.03572,1188.066229,2956.225183,1863.090055,2603.585614,26046.04439,22930.40758,2208.716916,63268.37526,52827.52456,8601.862596,1260.45882,7447.098021,1408.452318,0,90470.52919,0,11270.24984,3062.870776,25680.86921,1318.596141,1242.320104,2878.048105,3074.715829,18909.12227,2744.852812,27934.6116,77717.18786,121755.0385,3093.751862,68371.5869,3526.37664,204815.1197,5319.605874,3041.491689,19925.393,6745.354474,2541.533258,2564.442464,3142.555064,97395.8729,42177.08057,3189.854813,2771.961904,2874.535905,2568.192784,2598.141896,3634.753847,137674.1233,52568.11977,2005.043369,83861.02256,2661.219755,32869.37642,2212.206237,248624.0047,324447.6834,392973.9492,81940.64422,410638.3285,5081.285264,208622.5524,125659.006,23257.49828,428054.1203,151941.0009,43979.79597,99658.44911,316773.4694,101246.6128,95098.90598,485362.1399,360217.335,836859.0053
27248,150.0583675,7.872262237,12982.7371,7547.375123,0,0,28744.52603,137507.7258,117862.8438,97476.64383,48814.83969,217951.1382,360727.5009,744153.1385,140029.8388,50064.85664,252762.6366,214947.527,1756671.388,436400.5524,6831.445271,12428.82558,98049.9759,0,0,119823.0162,0,441928.2505,88110.57876,215280.3954,389657.5951,151903.2048,301336.0123,47935.737,315208.3947,32804.64315,155739.6958,126681.029,378814.0522,477102.7727,236665.9457,532298.0892,333953.5987,486087.3633,839081.3733,5265.614956,56562.22985,81288.01444,8711.176109,59946.22831,9824.61848,102927.8737,96502.5178,5097.048168,10615.43637,4834.545038,35949.66438,3044.144932,78108.46927,200694.8515,206678.4698,146567.8893,508926.2781,38456.27032,180452.9901,85853.94189,518028.7163,489489.5107,86475.396,573006.4872,393270.1585,88451.98016,19625.9571,466743.1235,228685.8091,179729.4285,93480.67499
28182,377.1458103,4.544399469,4049.254636,4740.855091,3725.596295,4622.579545,7310.90844,13020.75761,9377.653462,10284.70667,12360.81295,54957.35136,193618.9227,203632.336,47676.37913,4743.468008,12061.1748,182222.373,41649.05165,38740.94367,2881.971585,8565.674384,17353.56709,0,1011.454795,4912.639294,0,64194.91076,4601.832257,33319.93934,698146.3804,28100.85134,18990.20342,4099.418948,148576.3284,15241.12115,94764.21888,20079.68834,16137.74668,214154.2108,7601.942206,20003.86122,15091.98529,125659.4726,444868.5364,25231.74045,9190.604856,45679.76405,20001.71608,11442.57704,8328.474823,43434.37386,14459.25548,1861.061509,2607.095901,2353.85473,2429.724915,1973.245249,40983.81965,215073.1608,3150892.454,35124.81059,229466.0892,4359.130314,8932.714601,6529.024782,50119.32285,291357.481,199309.7124,16637.50805,14990.13273,8356.426272,6362.798548,2388537.127,33273.23651,4836.595071,67919.33758
30682,348.0707024,11.67102618,0,0,0,0,0,1328.588995,0,2019.327774,1407.993339,0,1123.595061,1008.501229,4624.938414,1414.388545,310927.2946,815027.8956,581785.9603,186016.6855,0,2200.236036,2839.512396,0,0,2777.020649,0,2349.684593,3585.670104,0,7103.56646,1688.174334,0,1934.733713,0,6240.923887,493626.6067,17947.62375,3583.191852,2266565.927,51385.23472,185507.692,4728141.273,3208.22427,2769.136292,1736.009184,1101.656231,0,1537.223905,2387.198784,0,0,0,0,0,0,0,0,0,35735.38639,180045.3322,0,2215122.632,3856.524466,3593.811499,359141.6194,3931.209021,3346915.977,0,0,0,1353734.411,0,3775.080892,1165801.606,289047.1767,3145737.996
32866,120.065778,10.6287984,365797.556,940962.4533,608122.1635,5625424.514,601301.7393,666426.1488,9148411.584,7974629.874,4546349.644,22293398.58,19255425,31324766.63,6290111.579,1707419.574,5786317.08,15270644.43,7593319.585,8286531.748,734032.7898,1205052.26,6062430.732,280107.7974,13902.80843,4300487.762,427599.8752,19897161.56,2850459.844,22628969.96,17935372.96,21250540.8,3947876.443,1500704.436,3175400.686,531529.9249,7522422.058,5176185.348,6105556.277,3857810.793,4310437.067,3329357.16,7854532.491,13380176.32,12944483.34,296770.3111,173668.5729,1140709.643,773404.4192,2015776.404,89377.61031,281800.3544,12022510.81,72038.8114,121730.1791,633736.5575,15600236.15,156969.7026,236072.383,2954454.293,7527684.953,10178860.87,1944087.213,1723168.86,27817091.12,4847498.716,22384748.44,4495558.554,541543.4547,41386915.73,41165125.1,4680375.531,592136.5841,40046109.14,5068589.088,4736615.581,2761878.448
32925,243.0879403,1.396170579,92974.4366,56214.93385,133903.4205,174629.8223,129252.9823,163218.9238,1445351.897,986282.7675,53943.06804,1179307.983,960732.363,727804.7063,388344.1683,187727.1855,441988.8456,355231.1394,497803.4144,435251.7175,63453.8337,48585.8723,258875.726,78048.5278,8107.247985,375985.6133,108431.9625,139593.8719,456365.0303,1888783.039,1721505.622,1003650.263,227604.6145,236919.4442,1132153.184,190870.7007,696619.6276,412499.9516,533399.5134,521435.2215,179250.1779,349293.9795,802469.42,923777.4826,835929.5004,17362.85169,27752.4459,9092.793919,73834.01711,36554.75672,68784.51843,11999.76426,371438.3895,97607.57864,184675.2348,99912.03421,162162.2506,8846.53118,24056.24751,600994.5512,710252.6293,221799.731,20945.86929,20693.62224,193181.9412,76698.37478,159455.6267,458217.0089,19132.83726,259491.8783,278820.6264,125741.8484,21283.0001,565231.5087,119247.1185,140342.4845,115605.1443
33504,284.0994969,7.529021687,10198.21734,2587.587059,15058.35976,0,0,3749.004619,1837756.196,651105.9543,0,3320128.664,5484011.08,12610013.32,57561.78797,170273.2385,64964.06494,186576.5046,5999.83775,88637.92663,2505.536637,153493.2265,470784.595,1057.533297,1908.343182,0,2202.067685,1755691.505,15292.57075,2095588.36,7884416.925,1454875.181,6893.866748,232773.482,2932.297855,4746.381025,92078.65275,66792.80291,26481.02606,79962.50173,186960.7601,294728.4991,10002.06358,2525664.102,6468778.344,0,1785.076217,66204.30707,1906.468988,0,5911.827301,2257.268246,1795544.291,1398.956987,63712.10487,0,136755.4141,28305.07553,7761.610999,59758.49419,191506.7036,722127.0025,66093.99673,1980.343495,1689329.149,158278.2315,3970075.273,27901.50671,2904.724337,3706672.349,4268127.888,174165.7636,1843.075902,6635290.197,152774.9711,180561.2909,243422.8993
42380,154.0865427,7.457041391,335768.8683,889931.6075,1075887.929,1082978.345,610787.0861,411787.2202,872279.4883,762547.7567,1210146.476,118496.6843,200310.3286,246010.7918,29460.29457,120987.7809,90071.72759,134848.8829,35684.27238,318270.5133,778404.3593,3356305.205,1795269.712,12675.77284,40772.84863,4209368.886,11332.6593,3285930.629,2775538.788,5132302.499,1103251.628,10067374.39,6820117.461,785459.6157,4897087.515,1080941.296,303481.5293,1140659.988,2547992.968,183729.4372,2376770.376,4930773.04,1702449.333,2129841.63,1568612.488,431989.7516,248156.5191,1024528.79,396037.3701,810429.374,204661.3039,262125.4612,3838758.639,36167.13718,220760.7768,68315.56494,447386.6859,132857.4006,405012.1441,185697.1471,448565.5111,9345676.218,72920.50249,1124453.531,421628.1398,753017.0545,1241560.974,259220.782,603352.959,504892.4128,294543.2803,620481.831,567942.7263,5013532.345,832544.1379,921939.8343,592898.2943
43616,169.0922728,7.215362271,334107.4675,213718.7355,191632.6377,196052.0441,9584.866844,220898.7906,199940.6581,181695.9388,220180.1628,142075.6813,43163.76478,368418.0087,33989.98357,246983.183,98140.76602,287879.8072,247904.5077,30142.35512,290048.1896,106352.1621,220886.8643,338531.5246,540652.6683,76107.15231,491120.2611,65237.08309,100063.469,80241.13468,210870.3899,26211.94061,291585.0866,350812.4344,261723.5318,296750.7853,83322.70362,225289.4295,67970.58259,110721.4357,285703.5858,294412.744,196157.5566,233255.5866,129783.3867,48691.26314,16907.95865,22997.49879,38111.22068,94598.12372,63690.89852,44305.56488,14929.11432,292964.8785,127726.2186,32588.59288,18737.89952,43397.40685,31506.41557,38612.75722,73896.66563,102845.2672,35661.17192,79132.45499,170006.8489,49104.88245,142770.1613,28149.00484,58728.95174,86507.04943,180850.5455,36043.94169,26828.42824,47679.83647,136307.1321,115107.9476,41607.88545
43805,126.0663751,4.139060005,66980.70841,73897.01258,137758.3363,167148.5,113063.0458,285457.0236,1388589.826,1524306.646,566986.1086,2002612.765,2129227.001,3575582.805,4680782.072,4560069.237,7948973.126,12867195.27,12651600.32,15023048.04,41445.30665,45577.56134,1326773.094,11917.14654,27804.76161,268503.6647,32243.55859,1753087.483,78730.17558,1477491.564,1684877.861,1561313.775,422217.1935,3104943.048,600012.0633,56404.31758,7642479.484,5613696.111,463232.1225,17325609.86,10016321.4,12341123.12,12959048.11,3188757.177,2590541.335,32076.59757,42384.76614,44631.60737,34728.35129,17887.09054,248039.2378,86451.97794,614619.0851,20124.66365,930646.1593,16532.77573,74058.47473,1078221.797,320626.4241,2708188.007,3684487.652,1007810.698,4134709.976,38712.11114,1348241.109,2489543.959,1196036.91,4502772.651,512383.1849,1360627.067,1630091.239,4871190.403,45467.43389,2313419.764,6814556.259,4748496.44,4688721.222
45420,166.0863561,6.676674838,2279044.212,3391205.318,1189356.785,1025855.526,1559583.703,1009702.233,819678.3451,2209950.706,1451925.216,1225182.017,1789676.443,3359272.51,989533.1858,4193179.014,2373686.552,1786540.346,5157804.888,2521945.786,2720281.294,10970819.08,15034527.14,581605.4965,163829.797,1638017.581,240042.2474,1738947.602,2652181.554,12364149.12,13118414.71,15743460.28,2157082.79,7105112.768,3427493.906,2436829.181,1986769.289,994597.2819,2437022.564,3732938.961,2711844.626,3611326.983,1870100.632,2196733.297,3626895.221,2906794.641,3290132.46,3060349.7,1816395.181,976480.8921,2329770.848,3429660.688,2119802.167,1043927.12,1751821.787,2708729.085,3802289.591,4745068.622,6295853.904,6163286.294,7894692.511,2505661.232,10493318.11,1148707.928,1139907.759,8597965.148,1894051.149,15615967.09,4759604.507,7402468.487,2347834.095,9796209.061,3361449.435,10967549.25,2719271.352,20368355.72,6910280.174
46354,346.0558768,9.496099086,6587.892077,7743.327733,2490.354782,1980.710156,4057.793024,2349.814871,92176.99628,6199.12676,4007.30364,404698.9799,542657.7464,1326717.446,2911.810833,1470.4193,8799.501638,8424.366107,3411.447538,5572.221267,0,0,3003.238079,1373.923506,1928.079268,1388.219186,6144.043693,1074642.222,2089.276694,332006.7097,4843882.781,165985.6562,5693.120694,0,2548.078162,1894.576551,2243.91266,0,2245.673405,6699.747465,0,0,0,280194.7368,1455215.185,0,3354.429149,0,3500.718859,4665.750873,1989.40312,1895.813232,154178.3016,1372.365783,0,3715.767705,2839.616208,0,0,0,5083.296477,3128.047428,0,0,16159.67818,0,464532.1619,3695.553436,6225.372968,327085.6823,166718.3212,5042.5343,0,2037864.186,0,0,0
47820,203.0527278,5.038020162,11370.19132,10144.28929,4751.188919,10447.35562,5118.435854,6180.909579,27751.78823,22590.27585,6831.780044,24328.69912,94658.01908,71421.06391,132382.046,39372.2618,4264.126065,4611.099169,4855.280491,41385.0172,14298.28673,13070.18716,15435.08098,6737.960906,6479.808213,162894.4274,5596.109106,198194.8994,231892.0124,179457.8693,30922.74775,164064.6729,10206.30263,33766.9108,13862.08762,180928.5393,87084.60408,70238.95456,11881.75292,14718.96496,5358.280421,4064.184188,14540.49618,116014.6161,82884.85698,52257.20918,226710.8845,11013.55848,98730.91364,7998.219405,110357.6887,89514.26481,8141.859019,5680.979813,43236.59088,12671.35497,11636.79042,12504.00667,119829.7584,80007.30375,19827.0794,7279.099066,3159.388728,6374.641318,26393.23978,7649.113893,8738.209312,12942.48465,8080.626,3018.158015,14457.73556,89112.6386,9542.323665,6652.225297,8686.001315,4278.047938,3622.208258
48509,168.065462,10.02334632,541587.0983,682354.9683,259212.7314,81993.56267,100837.9124,480151.8885,119884.9886,408949.9108,1015088.247,1423130.112,628613.4309,572672.0455,298652.5541,294144.3332,462127.4737,571144.9657,564957.0248,891847.4738,786771.7187,585211.532,1003577.343,2155770.372,3773913.019,595579.7531,7467926.41,1291558.679,480192.5731,921978.2174,1158728.167,377945.1772,1201715.534,142557.6794,1845285.504,1328149.147,1023086.847,401843.7405,566980.6504,471026.7588,706643.5427,318363.5591,626514.7409,1055018.477,715491.3181,46120.59528,698247.0721,118392.8637,537176.9774,310833.4425,82927.20153,389309.2193,162924.234,4616806.388,169068.7694,62737.31512,858408.1627,99239.90043,430299.2841,218409.2691,184996.1961,887981.2944,133085.0721,431075.9597,155826.4692,491225.066,1131392.004,136427.9451,160273.64,478888.0274,43283.23252,115506.8112,194134.6209,110478.3,131771.4598,2107222.926,368530.3119
55115,268.1042658,6.160843859,88879.11806,10841.24956,5550.775554,9019.321204,5433.500665,131107.863,214302.573,173144.5461,7404.083862,353220.8199,208643.6093,341251.11,147739.0336,91808.6369,209195.2647,116273.8792,118539.9447,185126.7932,69424.86793,212015.5949,78723.51825,11138.91773,12339.93499,61255.66025,8804.002424,358445.1988,45057.94782,124373.241,465490.0363,76255.89004,136451.6673,160029.9516,100554.2627,19296.40971,917060.6554,229723.4633,186045.7652,944871.2035,132584.5566,599648.1627,734488.2617,184022.665,587153.1412,4996.665446,3448.380533,3815.980837,4002.090448,3950.735897,75677.24543,9714.124042,66386.42408,2896.736215,24108.94914,27244.92226,119878.0348,153724.8547,52746.62169,317244.3449,235160.2947,213363.9075,421978.1394,11326.80476,111381.889,213116.3219,777754.4771,286996.5264,71160.21133,457501.4254,119141.8439,338730.253,11499.31997,1121263.638,429108.0028,294520.6953,219957.4813
65701,133.0973533,18.67290958,749249.568,174479.2285,297628.044,97658.58834,204554.1773,280019.8778,110355.7493,164975.3187,327828.4581,294665.295,447364.8519,2869548.759,305040.8001,394127.0079,176878.1568,812988.3446,249129.3551,474423.6075,1842829.162,1051924.84,564719.9459,1247294.977,885356.8116,532416.8572,450502.5804,1326982.139,709970.0707,1079088.718,1137361.09,968882.2631,219273.8924,594421.6961,293474.8176,176843.4316,329402.8203,684814.7662,1237867.806,338974.1942,355307.715,320451.5558,428095.2727,702467.4798,1785628.028,3170341.901,1367972.15,1970875.824,829380.0279,1415414.737,1272925.601,431583.2764,1733922.128,561880.6449,4663924.377,3355733.266,571172.7018,782786.9807,1050179.451,1364380.504,2125558.79,690816.0769,955319.1447,496404.0634,1004638.497,1834147.039,1225773.533,3039352.769,436427.8717,948252.3081,1150754.694,1661790.174,4181562.281,250575.8481,1339295.14,629986.9393,2564885.516
70416,258.1102301,11.90996601,3575.995309,10211.49352,4669.897084,8950.149116,4435.032363,37109.60727,8368.371498,12714.81162,9419.968853,24274.49167,19687.19999,25770.73151,48253.48451,20377.09632,70491.53382,7301.408457,12484.56215,47377.0054,108273.7815,7323.567402,49363.23193,949364.8334,153194.3683,26389.63737,1307438.137,9206.244828,20533.83923,3436.72541,2572.920225,9656.269746,11443.54818,15352.75974,1693.09963,52581.24814,4624.013981,30968.15526,11871.36681,22644.09103,4985.81441,7161.089941,48838.81678,80569.61757,3379.301034,1735588.27,1120485.309,387306.6009,420013.0248,778650.7134,46062.8507,525396.0095,176111.5455,121462.2382,380792.7515,1130903.423,403282.6047,1416155.144,0,117701.6196,64143.84068,271369.2268,179647.0503,98178.24487,168855.5829,400862.5265,152491.1665,22483.81518,58062.61086,506628.5715,77164.32782,39696.566,29342.71639,8704.529014,12275.8208,382838.4411,12405.8423
80536,106.0503157,11.48886878,5713.340333,18282.89794,8166.175379,45724.14961,8691.372657,7911.63059,9624.602115,17708.85455,17127.45942,8650.202918,77770.47604,56865.67981,8960.824317,9864.17056,66518.7372,52952.127,18804.76574,24471.99771,8269.595233,5222.932102,8860.605048,506250.9575,5277.127307,25293.66465,286164.3779,21462.8444,14894.70213,37456.82681,198388.9961,7244.550729,2936.282839,7177.384696,6319.373181,154616.9382,33979.63481,11766.2875,10310.97264,9003.565939,25070.93726,18892.96189,117327.8227,30185.15464,6297.714248,71661.34623,1001579.661,12800.74401,11509.19787,65941.71545,7714.235796,6306.631918,4709.974298,266187.0793,10208.95132,58617.3352,9470.065956,30618.37751,7609.382753,8933.344278,264104.1198,3715.585585,62101.92934,14243.6646,7002.963659,122158.6697,52084.51842,234215.2683,17228.97148,38793.78289,7522.919606,11548.47985,6232.831171,21520.37913,42131.39251,15649.79436,31228.76483
80965,176.1031367,11.65973974,797137.3785,2290920.898,3516879.538,10785993.83,2246280.263,4159752.726,7583140.553,11185427.21,5556507.22,9880955.543,7226864.396,7957662.607,2075320.96,522832.4568,2802955.65,1668820.978,3096050.772,4274609.024,1638040.893,567452.552,489069.8781,9934706.57,234168.2462,13417556.28,2641904.289,9005314.945,9663109.903,15338872.08,23062778.64,24089365.48,12610373.58,963730.4497,15250439.17,2372779.524,1165173.421,1372181.3,28460769.62,2506298.757,1364250.593,1279004.864,4621226.532,9322644.284,13168008.08,311412.9078,15113819.86,2336405.143,3709001.492,7044298.732,280946.7742,2222218.751,4156129.776,1243651.319,179405.5207,188832.6164,10264331.47,331596.7092,2602240.245,1231940.952,985442.0778,5484925.932,1268148.803,4558663.288,14652774.74,1794559.804,10855633.74,1832199.741,5175627.532,28326527.66,20423580.94,1462804.707,4046392.567,7352536.204,930745.8495,1529549.161,2297875.368
83136,247.1074867,5.666409015,106514.0964,2626405.832,2772598.193,2877545.838,2285843.468,1422242.788,102039.4475,144930.7023,1669107.341,1628571.467,685836.6439,2759229.291,8510.205625,26344.01952,26645.64794,31873.4902,9939.317862,146037.4872,53529.2746,110869.8827,1423190.041,1310.857218,3807.986793,130221.6836,11935.07281,3810232.337,137256.1164,1199429.07,1304155.681,539525.3939,1735616.446,30081.84332,2826738.819,2674400.51,39148.36444,20772.99566,2056174.717,148818.5132,114199.3575,57169.74983,76216.1249,993506.1321,2139928.268,78074.95645,269991.8938,986686.4045,231253.1047,380686.4074,25490.33297,26766.1939,60567.54894,2119.645624,11955.64495,1464.837115,13510.93163,2648.599372,2147427.846,52098.11551,15803.98124,252392.4155,28763.42109,537858.87,25732.3872,2723.329647,50886.04044,43975.32726,3376563.675,66484.70625,53003.08147,3289.907002,600478.1564,346308.9726,4685.944026,6340.031315,17368.68186
93761,175.0867566,1.441753177,19297.1508,41775.32159,43410.31458,63121.90706,30495.82191,76275.83714,326591.4842,207227.9749,55193.60666,271511.5962,128996.2194,202842.6542,1945108.411,314660.5018,7489249.985,6271539.627,399491.1143,5145705.438,265157.4313,33815.8914,385395.4383,7268.552198,44207.95961,155464.5507,8845.880004,327910.0609,202205.6355,663237.9702,339480.9426,595442.4707,105763.1212,633714.1724,269046.3653,114750.9138,763488.9787,823284.9014,158162.9031,3550469.986,1678164.338,1626940.377,1375031.003,549085.1243,587271.3348,73692.88227,173842.6336,87029.67753,102886.1966,246091.9801,118052.5021,151943.29,199592.2927,4279.006301,158517.0897,25945.92375,110883.6749,750977.5828,65896.03756,2597875.247,1232935.089,237992.1105,3997594.928,52122.19601,226908.8061,1253600.128,191767.4893,4283767.999,224756.3461,362129.6824,326620.7561,2497618.806,45911.45738,554886.2874,4648036.73,2126128.801,1383205.142
104399,137.0458935,4.201913727,109083173.1,2398955.255,2171718.492,2227068.14,957200.3325,1143723.853,68968411.76,85453229.77,2074216.735,106768764.1,150322028.2,252546595.8,159978993.4,56480483.49,243852485.1,337049834.1,309784646.3,316146235,2192234.949,77277697.8,72543220.06,7452968.713,59881.44,1941644.158,154871.0626,178352186.8,2670949.507,84712450.8,520146122.1,81563469.91,2322202.046,41530184.67,2332186.917,3281047.857,228498540.9,15302313.08,995609.7448,236113237.1,189889465.5,192921909.1,19163991.04,120734246.8,357408283.3,1367195.446,1319333.785,2122397.658,1624927.861,1397314.044,40710869.51,2175433.543,37901659.66,187068.3809,31644976.9,25553860.61,28444847.57,4679817.635,3501434.633,128931401,14711229.39,38627262.78,122100667.5,2690694.665,62103498.9,9019263.353,6081591.925,11110556.57,2978914.421,184327839.8,135350687.5,12331435.63,1975449.046,5868107.407,187623826.3,18843321.04,8242297.196
109368,118.0603535,10.8921175,70620.6728,88040.02825,139960.369,140078.1195,70990.81067,16439.79959,37539.02619,62557.13632,205070.9918,14439.52241,5538.564642,211295.4855,20789.34769,53736.45811,28770.26856,110870.1126,69902.42009,25165.37847,96975.33028,15373.85126,8834.021746,36541.95225,27926.71722,69220.37731,194551.2699,177766.4771,75878.57153,25530.79435,35282.28305,11624.96095,42911.50652,25903.00695,6281.738266,162643.6323,120732.1889,4825.836921,94717.99041,0,1453.561829,4233.18481,17768.28714,19457.65525,202942.3992,24621.64955,24387.69239,28409.51018,19221.13198,36067.66211,14543.63161,29626.25574,18714.34641,7637.053864,9587.577937,9744.096413,8409.135983,11081.42372,169014.414,5445.761707,22782.93008,14736.29625,8337.876609,14213.26242,9641.002046,32272.30564,13292.81168,9951.347155,9845.464319,20912.40577,79914.88936,26765.38107,17400.12485,18594.25111,15909.0473,20972.42484,10790.08051
118963,269.0891911,6.240631799,18989.35068,0,2597.356415,0,0,0,135780.4326,89186.40827,0,506080.43,872834.7085,354291.7796,13931.4576,0,9976.859506,11229.89397,4771.638527,30129.7092,0,33280.60225,573510.9234,0,0,0,0,574757.7121,8402.768678,601828.2373,3735645.879,225818.3586,4764.682343,5620.572663,3136.89886,0,48399.48515,15290.57431,5008.700168,35192.60178,14526.03235,56954.02547,17707.05904,1846292.667,1993256.04,0,0,1863.859257,0,1757.293049,14045.71083,0,602021.5115,1687.47589,7464.665051,1686.809924,25251.86294,11383.42593,0,17093.53293,16257.17887,169307.4438,2539.789716,0,309510.37,109514.3247,349851.4129,15789.0729,4101.829266,563979.5951,1301450.835,352346.2869,0,782630.157,127920.5638,405330.9142,301243.812
